"NDB_No","Shrt_Desc","Water_(g)","Energ_Kcal","Protein_(g)","Lipid_Tot_(g)","Ash_(g)","Carbohydrt_(g)","Fiber_TD_(g)","Sugar_Tot_(g)","Calcium_(mg)","Iron_(mg)","Magnesium_(mg)","Phosphorus_(mg)","Potassium_(mg)","Sodium_(mg)","Zinc_(mg)","Copper_mg)","Manganese_(mg)","Selenium_(µg)","Vit_C_(mg)","Thiamin_(mg)","Riboflavin_(mg)","Niacin_(mg)","Panto_Acid_mg)","Vit_B6_(mg)","Folate_Tot_(µg)","Folic_Acid_(µg)","Food_Folate_(µg)","Folate_DFE_(µg)","Choline_Tot_ (mg)","Vit_B12_(µg)","Vit_A_IU","Vit_A_RAE","Retinol_(µg)","Alpha_Carot_(µg)","Beta_Carot_(µg)","Beta_Crypt_(µg)","Lycopene_(µg)","Lut+Zea_ (µg)","Vit_E_(mg)","Vit_D_µg","Vit_D_IU","Vit_K_(µg)","FA_Sat_(g)","FA_Mono_(g)","FA_Poly_(g)","Cholestrl_(mg)","GmWt_1","GmWt_Desc1","GmWt_2","GmWt_Desc2","Refuse_Pct"
"1001","BUTTER,WITH SALT","15.87","717","0.85","81.11","2.11","0.06","0","0.06","24","0.02","2","24","24","643","0.09","0","0","1","0","0.005","0.034","0.042","0.11","0.003","3","0","3","3","18.8","0.17","2499","684","671","0","158","0","0","0","2.32","0","0","7","51.368","21.021","3.043","215","5","1 pat,  (1"" sq, 1/3"" high)","14.2","1 tbsp","0"
"1009","CHEESE,CHEDDAR","37.02","404","22.87","33.31","3.71","3.09","0","0.48","710","0.14","27","455","76","653","3.64","0.03","0.027","28.5","0","0.029","0.428","0.059","0.41","0.066","27","0","27","27","16.5","1.1","1242","330","330","0","85","0","0","0","0.71","0.6","24","2.4","18.867","9.246","1.421","99","132","1 cup, diced","244","1 cup, melted","0"
"1019","CHEESE,FETA","55.22","264","14.21","21.28","5.2","4.09","0","4.09","493","0.65","19","337","62","917","2.88","0.032","0.028","15","0","0.154","0.844","0.991","0.967","0.424","32","0","32","32","15.4","1.69","422","125","125","0","3","0","0","0","0.18","0.4","16","1.8","14.946","4.623","0.591","89","150","1 cup, crumbled","28.35","1 oz","0"
"1078","MILK,PRODUCER,FLUID,3.7% MILKFAT","87.69","64","3.28","3.66","0.72","4.65","0","","119","0.05","13","93","151","49","0.38","0.01","0.004","2","1.5","0.038","0.161","0.084","0.313","0.042","5","0","5","5","","0.36","138","33","31","","","","","","","","","","2.278","1.057","0.136","14","244","1 cup","976","1 quart","0"
"1079","MILK,RED FAT,FLUID,2% MILKFAT,W/ ADDED VIT A & VITAMIN D","89.21","50","3.3","1.98","0.71","4.8","0","5.06","120","0.02","11","92","140","47","0.48","0.006","0.014","2.5","0.2","0.039","0.185","0.092","0.356","0.038","5","0","5","5","16.4","0.53","190","55","55","0","4","0","0","0","0.03","1.2","49","0.2","1.257","0.56","0.073","8","244","1 cup","30.5","1 fl oz","0"
"1082","MILK,LOWFAT,FLUID,1% MILKFAT,W/ ADDED VIT A & VITAMIN D","89.92","42","3.37","0.97","0.75","4.99","0","5.2","125","0.03","11","95","150","44","0.42","0.01","0.003","3.3","0","0.02","0.185","0.093","0.361","0.037","5","0","5","5","17.7","0.47","196","58","58","0","2","0","0","0","0.01","1.2","48","0.1","0.633","0.277","0.035","5","244","1 cup","30.5","1 fl oz","0"
"1091","MILK,DRY,NONFAT,REG,WO/ ADDED VIT A & VITAMIN D","3.16","362","36.16","0.77","7.93","51.98","0","51.98","1257","0.32","110","968","1794","535","4.08","0.041","0.02","27.3","6.8","0.415","1.55","0.951","3.568","0.361","50","0","50","50","169.2","4.03","22","6","6","0","1","0","0","0","0","0","0","0.1","0.499","0.201","0.03","20","30",".25 cup","120","1 cup","0"
"1110","MILK SHAKES,THICK CHOC","72.2","119","3.05","2.7","0.9","21.15","0.3","20.85","132","0.31","16","126","224","111","0.48","0.065","0.039","1.9","0","0.047","0.222","0.124","0.363","0.025","5","0","5","5","17","0.32","67","18","18","0","4","0","0","0","0.05","1","41","0.2","1.681","0.78","0.1","11","28.4","1 fl oz","300","1 container,  (10.6 oz)","0"
"1111","MILK SHAKES,THICK VANILLA","74.45","112","3.86","3.03","0.91","17.75","0","17.75","146","0.1","12","115","183","95","0.39","0.051","0.014","2.3","0","0.03","0.195","0.146","0.368","0.042","7","0","7","7","14.3","0.52","91","25","25","0","5","0","0","0","0.05","1.2","48","0.2","1.886","0.875","0.113","12","28.4","1 fl oz","313","1 container,  (11 oz)","0"
"1116","YOGURT,PLN,WHL MILK,8 GRAMS PROT PER 8 OZ","87.9","61","3.47","3.25","0.72","4.66","0","4.66","121","0.05","12","95","155","46","0.59","0.009","0.004","2.2","0.5","0.029","0.142","0.075","0.389","0.032","7","0","7","7","15.2","0.37","99","27","27","0","5","0","0","0","0.06","0.1","2","0.2","2.096","0.893","0.092","13","170","1 container,  (6 oz)","227","1 container,  (8 oz)","0"
"1119","YOGURT,VANILLA,LOFAT,11 GRAMS PROT PER 8 OZ","79","85","4.93","1.25","1.02","13.8","0","13.8","171","0.07","16","135","219","66","0.83","0.013","0.004","4.9","0.8","0.042","0.201","0.107","0.552","0.045","11","0","11","11","15.2","0.53","43","12","12","0","2","0","0","0","0.02","0","1","0.1","0.806","0.343","0.036","5","170","1 container,  (6 oz)","227","1 container,  (8 oz)","0"
"1120","YOGURT,FRUIT,LOFAT,9 GRAMS PROT PER 8 OZ","75.3","99","3.98","1.15","0.93","18.64","0","18.64","138","0.06","13","109","177","53","0.67","0.079","0.064","2.8","0.6","0.034","0.162","0.086","0.446","0.037","9","0","9","9","15.2","0.43","40","11","11","0","2","0","0","0","0.02","0","1","0.1","0.742","0.316","0.033","5","170","1 container,  (6 oz)","125","1 container,  (4.4 oz)","0"
"1128","EGG,WHL,CKD,FRIED","69.47","196","13.61","14.84","1.26","0.83","0","0.4","62","1.89","13","215","152","207","1.39","0.078","0.03","33.1","0","0.044","0.495","0.082","1.66","0.184","51","0","51","51","317.1","0.97","787","219","216","0","35","10","0","543","1.31","2.2","88","5.6","4.323","6.182","3.251","401","46","1 large","","","0"
"1129","EGG,WHL,CKD,HARD-BOILED","74.62","155","12.58","10.61","1.08","1.12","0","1.12","50","1.19","10","172","126","124","1.05","0.013","0.026","30.8","0","0.066","0.513","0.064","1.398","0.121","44","0","44","44","293.8","1.11","520","149","148","0","11","10","0","353","1.03","2.2","87","0.3","3.267","4.077","1.414","373","136","1 cup, chopped","8.5","1 tbsp","12"
"1130","EGG,WHOLE,COOKED,OMELET","76.13","154","10.57","11.66","1.01","0.64","0","0.31","48","1.48","11","167","117","155","1.09","0.063","0.024","25.8","0","0.034","0.386","0.064","1.289","0.143","39","0","39","39","247.6","0.76","617","172","169","0","28","8","0","423","1.29","1.7","69","4.5","3.319","4.843","2.712","313","15","1 tbsp","61","1 large","0"
"1145","BUTTER,WITHOUT SALT","17.94","717","0.85","81.11","0.09","0.06","0","0.06","24","0.02","2","24","24","11","0.09","0.016","0.004","1","0","0.005","0.034","0.042","0.11","0.003","3","0","3","3","18.8","0.17","2499","684","671","0","158","0","0","0","2.32","0","0","7","50.489","23.43","3.01","215","5","1 pat,  (1"" sq, 1/3"" high)","14.2","1 tbsp","0"
"1275","YOGURT,GREEK,NONFAT,VANILLA,CHOBANI","82.03","71","9.07","0.22","0.59","8.09","0.3","7.61","106","0.05","11","126","130","36","0.49","0.019","0.008","10.6","","0.028","0.233","0.217","0.39","0.053","","","","","","0.7","","","","","","","","","","","","","0.178","0.06","0.011","","150","5.3 oz","","","0"
"1276","YOGURT,GREEK,STRAWBERRY,DANNON OIKOS","76.6","106","8.25","2.92","0.56","11.67","1","11","86","0.07","10","110","131","34","0.39","0.018","0.034","9.5","","0.036","0.227","0.21","0.39","0.05","","","","","","0.56","13","1","","0","8","0","0","3","","0","0","","1.832","0.745","0.131","13","150","5.3 oz","","","0"
"1278","YOGURT,GREEK,NONFAT,VANILLA,DANNON OIKOS","78.5","85","8.12","0.14","0.52","12.72","0.5","11.4","89","0.04","10","112","115","32","0.4","0.017","0.009","8.2","","0.033","0.26","0.187","0.375","0.047","","","","","","0.66","","","","","","","","","","0.9","35","","0.09","0.02","0.008","","150","5.3 oz","","","0"
"1280","YOGURT,GREEK,NONFAT,STRAWBERRY,DANNON OIKOS","78.63","84","8.03","0.22","0.59","12.53","0.4","11.63","94","0.06","11","114","145","33","0.45","0.017","0.029","8.9","0.2","0.033","0.217","0.22","0.385","0.051","20","","20","","","0.59","","","","","","","","","","1","40","","0.11","0.024","0.008","","150","5.3 oz","","","0"
"1281","YOGURT,GREEK,NONFAT,STRAWBERRY,CHOBANI","79.62","80","8.03","0.12","0.6","11.62","0.7","10.86","99","0.12","10","112","124","33","0.44","0.019","0.033","9.5","0.3","0.031","0.28","0.213","0.335","0.05","","","","","","0.45","","","","","","","","","","","","","0.103","0.024","0.01","","150","5.3 oz","","","0"
"2003","SPICES,BASIL,DRIED","10.35","233","22.98","4.07","14.85","47.75","37.7","1.71","2240","89.8","711","274","2630","76","7.1","2.1","9.8","3","0.8","0.08","1.2","4.9","0.838","1.34","310","0","310","310","54.9","0","744","37","0","113","378","24","393","1150","10.7","0","0","1714.5","2.157","1.238","0.498","0","0.7","1 tsp, leaves","2.1","1 tbsp, leaves","0"
"2006","SPICES,CARDAMOM","8.28","311","10.76","6.7","5.78","68.47","28","","383","13.97","229","178","1119","18","7.47","0.383","28","","21","0.198","0.182","1.102","","0.23","","","","","","0","0","0","0","","","","","","","0","0","","0.68","0.87","0.43","0","2","1 tsp, ground","5.8","1 tbsp, ground","0"
"2009","CHILI POWDER","10.75","282","13.46","14.28","11.81","49.7","34.8","7.19","330","17.3","149","300","1950","2867","4.3","1","1.7","20.4","0.7","0.25","0.94","11.6","0.888","2.094","28","0","28","28","66.5","0","29650","1483","0","2090","15000","3490","21","310","38.14","0","0","105.7","2.462","3.211","8.006","0","2.7","1 tsp","8","1 tbsp","0"
"2010","CINNAMON,GROUND","10.58","247","3.99","1.24","3.6","80.59","53.1","2.17","1002","8.32","60","64","431","10","1.83","0.339","17.466","3.1","3.8","0.022","0.041","1.332","0.358","0.158","6","0","6","6","11","0","295","15","0","1","112","129","15","222","2.32","0","0","31.2","0.345","0.246","0.068","0","2.6","1 tsp","7.9","1 tbsp","0"
"2011","CLOVES,GROUND","9.87","274","5.97","13","5.63","65.53","33.9","2.38","632","11.83","259","104","1020","277","2.32","0.368","60.127","7.2","0.2","0.158","0.22","1.56","0.509","0.391","25","0","25","25","37.4","0","160","8","0","0","45","103","0","0","8.82","0","0","141.8","3.952","1.393","3.606","0","2.1","1 tsp","6.5","1 tbsp","0"
"2014","CUMIN SEED","8.06","375","17.81","22.27","7.62","44.24","10.5","2.25","931","66.36","366","499","1788","168","4.8","0.867","3.333","5.2","7.7","0.628","0.327","4.579","","0.435","10","0","10","10","24.7","0","1270","64","0","0","762","0","0","448","3.33","0","0","5.4","1.535","14.04","3.279","0","2.1","1 tsp, whole","6","1 tbsp, whole","0"
"2015","CURRY POWDER","8.8","325","14.29","14.01","7.07","55.83","53.2","2.76","525","19.1","255","367","1170","52","4.7","1.2","8.3","40.3","0.7","0.176","0.2","3.26","1.07","0.105","56","0","56","56","64.2","0","19","1","0","0","11","0","0","0","25.24","0","0","99.8","1.648","8.782","3.056","0","2","1 tsp","6.3","1 tbsp","0"
"2020","GARLIC POWDER","6.45","331","16.55","0.73","3.54","72.73","9","2.43","79","5.65","77","414","1193","60","2.99","0.533","0.979","23.9","1.2","0.435","0.141","0.796","0.743","1.654","47","0","47","47","67.5","0","0","0","0","0","0","0","0","0","0.67","0","0","0.4","0.249","0.115","0.178","0","3.1","1 tsp","9.7","1 tbsp","0"
"2021","GINGER,GROUND","9.94","335","8.98","4.24","5.22","71.62","14.1","3.39","114","19.8","214","168","1320","27","3.64","0.48","33.3","55.8","0.7","0.046","0.17","9.62","0.477","0.626","13","0","13","13","41.2","0","30","2","0","0","18","0","0","0","0","0","0","0.8","2.599","0.479","0.929","0","1.8","1 tsp","5.2","1 tbsp","0"
"2026","ONION POWDER","5.39","341","10.41","1.04","4.04","79.12","15.2","6.63","384","3.9","113","322","985","73","4.05","0.59","1.3","14.3","23.4","0.457","0.08","0.321","0.732","0.718","64","0","64","64","39","0","0","0","0","0","0","0","0","0","0.27","0","0","4.1","0.219","0.202","0.31","0","2.4","1 tsp","6.9","1 tbsp","0"
"2028","PAPRIKA","11.24","282","14.14","12.89","7.74","53.99","34.9","10.34","229","21.14","178","314","2280","68","4.33","0.713","1.59","6.3","0.9","0.33","1.23","10.06","2.51","2.141","49","0","49","49","51.5","0","49254","2463","0","595","26162","6186","0","18944","29.1","0","0","80.3","2.14","1.695","7.766","0","2.3","1 tsp","6.8","1 tbsp","0"
"2035","PUMPKIN PIE SPICE","8.46","342","5.76","12.6","3.9","69.28","14.8","7.76","682","19.71","136","118","663","52","2.37","0.484","15.844","9.3","23.4","0.131","0.137","2.243","","0.4","24","0","24","24","20.8","0","261","13","0","1","99","114","7","100","1.93","0","0","28.4","6.53","1.102","0.78","0","1.7","1 tsp","5.6","1 tbsp","0"
"2042","SPICES,THYME,DRIED","7.79","276","9.11","7.43","11.74","63.94","37","1.71","1890","123.6","220","201","814","55","6.18","0.86","7.867","4.6","50","0.513","0.399","4.94","","0.55","274","0","274","274","43.6","0","3800","190","0","0","2264","33","0","1895","7.48","0","0","1714.5","2.73","0.47","1.19","0","1","1 tsp, leaves","2.7","1 tbsp, leaves","0"
"2047","SALT,TABLE","0.2","0","0","0","99.8","0","0","0","24","0.33","1","0","8","38758","0.1","0.03","0.1","0.1","0","0","0","0","0","0","0","0","0","0","0","0","0","0","0","0","0","0","0","0","0","0","0","0","0","0","0","0","6","1 tsp","18","1 tbsp","0"
"2049","THYME,FRSH","65.11","101","5.56","1.68","3.2","24.45","14","","405","17.45","160","106","609","9","1.81","0.555","1.719","","160.1","0.048","0.471","1.824","0.409","0.348","45","0","45","45","","0","4751","238","0","","2851","","","","","0","0","","0.467","0.081","0.532","0","0.8","1 tsp","0.4",".5 tsp","32"
"2063","ROSEMARY,FRESH","67.77","131","3.31","5.86","2.35","20.7","14.1","","317","6.65","91","66","668","26","0.93","0.301","0.96","","21.8","0.036","0.152","0.912","0.804","0.336","109","0","109","109","","0","2924","146","0","","","","","","","0","0","","2.838","1.16","0.901","0","0.7","1 tsp","1.7","1 tbsp","35"
"4047","OIL,COCNT","0.03","892","0","99.06","0.03","0","0","0","1","0.05","0","0","0","0","0.02","0","0","0","0","0","0","0","0","0","0","0","0","0","0.3","0","0","0","0","0","0","0","0","0","0.11","0","0","0.6","82.475","6.332","1.702","0","13.6","1 tbsp","218","1 cup","0"
"4053","OIL,OLIVE,SALAD OR COOKING","0","884","0","100","0","0","0","0","1","0.56","0","0","1","2","0","0","0","0","0","0","0","0","0","0","0","0","0","0","0.3","0","0","0","0","0","0","0","0","0","14.35","0","0","60.2","13.808","72.961","10.523","0","13.5","1 tablespoon","216","1 cup","0"
"4058","OIL,SESAME,SALAD OR COOKING","0","884","0","100","0","0","0","0","0","0","0","0","0","0","0","0","","0","0","0","0","0","0","0","0","0","0","0","0.2","0","0","0","0","0","0","0","0","0","1.4","0","0","13.6","14.2","39.7","41.7","0","13.6","1 tablespoon","218","1 cup","0"
"4060","OIL,SUNFLOWER,LINOLEIC (LESS THAN 60%)","0","884","0","100","0","0","0","0","0","0.03","0","0","0","0","0","","","0","0","0","0","0","0","0","0","0","0","0","","0","0","0","0","0","0","0","0","0","41.08","","","5.4","10.1","45.4","40.1","0","13.6","1 tbsp","218","1 cup","0"
"6001","SOUP,CRM OF ASPARAGUS,CND,COND","84.05","69","1.82","3.26","2.35","8.52","0.4","0.72","23","0.64","3","31","138","669","0.7","0.1","0.3","1.9","2.2","0.043","0.062","0.62","0.11","0.01","19","0","19","19","13","0.04","441","26","5","0","256","0","13","326","0.49","0","0","22","0.82","0.75","1.46","4","126",".5 cup,  (4 fl oz)","305","1 can,  (10.75 oz)","0"
"6002","SOUP,BLACK BEAN,CND,COND","75.33","91","4.83","1.32","3.1","15.42","6.8","2.49","35","1.5","33","75","250","970","1.1","0.3","0.5","","0.2","0.042","0.039","0.41","0.16","0.07","66","0","66","66","15.5","0","445","22","0","80","219","12","463","36","0.36","","","1.8","0.34","0.48","0.41","0","257","1 cup,  (8 fl oz)","312","1 can,  (11 oz), undiluted","0"
"6006","SOUP,BEAN W/ FRANKFURTERS,CND,COND","67.7","142","7.6","5.31","2.64","16.75","4.6","","66","1.78","37","126","363","831","0.9","0.3","0.6","6.9","0.7","0.083","0.049","0.78","0.07","0.1","24","0","24","24","","0.06","662","33","0","","","","","","","","","","1.61","2.08","1.25","9","263","1 cup,  (8 fl oz)","319","1 can,  (11.25 oz)","0"
"6009","SOUP,BF NOODLE,CND,COND","84.42","67","3.85","2.46","2.12","7.16","0.6","2.06","12","0.88","5","37","79","653","1.23","0.11","0.218","5.9","0.3","0.055","0.047","0.849","0.16","0.03","15","12","4","23","14","0.16","202","11","1","0","120","0","8507","4","1","0","0","1.6","0.91","0.99","0.39","4","125",".5 cup","305","1 can,  (10.75 oz)","0"
"6042","SOUP,MUSHROOM BARLEY,CND,COND","84.9","61","1.5","1.8","2.2","9.6","","","10","0.4","7","50","76","573","0.4","0.16","0.1","","0","0.02","0.07","0.7","0.1","0.14","5","0","5","5","","0","158","8","0","","","","","","","","","","0.35","0.8","0.57","0","126",".5 cup,  (4 fl oz)","305","1 can,  (10.75 oz)","0"
"6045","SOUP,ONION,CND,COND","86.35","46","3.06","1.42","2.49","6.68","0.7","2.72","22","0.55","2","9","56","516","0.5","0.1","0.2","3.5","1","0.027","0.02","0.49","0","0.04","12","0","12","12","4","0","11","3","3","0","1","0","0","1","0.22","0","0","0.4","0.21","0.61","0.53","0","123",".5 cup,  (4 fl oz)","298","1 can,  (10.5 oz)","0"
"6046","SOUP,CRM OF ONION,CND,COND","81","88","2.2","4.2","2.2","10.4","0.4","3.64","27","0.5","5","30","98","637","0.12","0.11","0.2","2.3","1","0.04","0.06","0.4","0.24","0.02","6","0","6","6","11.4","0.04","113","28","27","0","13","0","0","10","0.43","0","0","2.2","1.17","1.67","1.16","12","126",".5 cup","305","1 can,  (10.75 oz)","0"
"6053","SOUP,CRM OF POTATO,CND,COND","82","74","1.51","1.88","1.82","12.79","1.3","1.44","17","0.34","13","41","165","604","0.15","0.2","0.3","1.9","0.2","0.028","0.029","0.43","0.7","0.03","2","0","2","2","8.7","0.04","68","19","19","0","4","0","0","5","0.07","0","0","1.1","0.97","0.44","0.33","1","124",".5 cup","","","0"
"6068","SOUP,VEGETARIAN VEG,CND,COND","84.91","59","1.72","1.58","2.02","9.78","0.5","3.13","17","0.88","6","28","171","516","0.38","0.1","0.375","3.5","1.2","0.044","0.037","0.747","0.28","0.045","9","0","9","9","7.9","0","2842","142","0","410","1500","0","1930","160","1.17","0","0","4.2","0.24","0.68","0.59","0","126",".5 cup","298","1 can,  (10.5 oz)","0"
"6231","PREGO PASTA,MUSHRM & PARMESAN ITALIAN SAU,RTS","76.6","104","2.4","2.8","0.6","17.6","2.4","10.4","48","0.86","","","376","384","","","","","1","","","","","","","","","","","","600","","","","","","","","","","","","1.2","","","4","125","1 serving, 1/2 cup","","","0"
"6232","PREGO PASTA,ORGANIC MUSHROOM ITALIAN SAU,RTS","84.5","72","1.6","2.4","1.5","10.4","3.2","7.2","16","0.58","","","360","376","","","","","3.8","","","","","","","","","","","","600","","","","","","","","","","","","0.4","","","0","125","1 serving, 1/2 cup","","","0"
"6233","PREGO PASTA,ORGNIC TOMATO & BASIL ITAL SAU,RTS","83","72","1.6","2.4","2.5","10.4","3.2","7.2","32","0.58","","","320","376","","","","","4.8","","","","","","","","","","","","600","","","","","","","","","","","","0.385","","","0","125","1 serving, 1/2 cup","","","0"
"6234","PREGO PASTA,HEART SMRT- RICOTTA PMESAN ITLN SAU,RTS","83","72","2.4","2","2","10.4","2.4","8","48","0.58","","","328","288","","","","","1.9","","","","","","","","","","","","400","","","","","","","","","","","","0.8","","","4","125","1 serving, 1/2 cup","","","0"
"6235","PREGO PASTA,RSTD GARLIC & HERB ITAL SAU,RTS","83.5","69","1.54","2.31","2.5","10","2.3","6.92","15","0.55","","","308","354","","","","","1.8","","","","","","","","","","","","577","","","","","","","","","","","","0","","","0","130","1 serving, 1/2 cup","","","0"
"6236","PREGO PASTA,RSTD GARLIC PARMESAN ITAL SAU,RTS","83.7","77","2.31","0.77","2.9","10","2.3","7.69","31","0.55","","","308","369","","","","","0.9","","","","","","","","","","","","577","","","","","","","","","","","","0.385","","","4","130","1 serving, 1/2 cup","","","0"
"6237","PREGO PASTA,H ST- RSTD RED PR GRLIC ITLIAN SAU,RTS","83.5","56","1.6","1.2","2.9","10.4","2.4","7.2","16","0.58","","","328","288","","","","","1.9","","","","","","","","","","","","800","","","","","","","","","","","","0","","","0","125","1 serving, 1/2 cup","","","0"
"6239","PREGO PASTA,TOMATO,BASIL & GARLIC ITAL SAU,RTS","83.5","64","1.6","2","2.9","9.6","2.4","7.2","16","0.58","","","320","336","","","","","1","","","","","","","","","","","","400","","","","","","","","","","","","0","","","0","125","1 serving, 1/2 cup","","","0"
"6240","PREGO PASTA,ZESTY MUSHROOM ITALIAN SAU,RTS","80.2","85","1.54","2.69","1.72","13.85","2.3","9.23","15","0.28","","","354","408","","","","","0","","","","","","","","","","","","385","","","","","","","","","","","","0.769","","","0","130","1 serving, 1/2 cup","","","0"
"8020","CEREALS RTE,KELLOGG,KELLOGG'S CORN FLAKES","3.76","357","7.5","0.4","4","84.1","3.3","9.5","5","28.9","39","102","168","729","1","0.198","0.168","8.3","21","1.34","1.52","17.9","0.229","1.79","357","323","34","583","8.7","5","1786","490","481","54","83","0","0","339","0.12","3.6","143","0","0.116","0.067","0.196","0","28","1 cup,  (1 NLEA serving)","","","0"
"8023","CEREALS RTE,KELLOGG,KELLOGG'S CRACKLIN' OAT BRAN","3","395","9.2","14.1","3.3","70.3","12.7","28","59","3.7","153","278","403","280","3.1","0.4","","27.3","31","0.77","0.87","10.2","0.4","1.02","204","185","19","334","29.2","3.1","816","244","244","0","1","1","0","96","0","2","82","3","6.2","4.9","2.8","0","49",".75 cup,  (1 NLEA serving)","","","0"
"8025","CEREALS RTE,RALSTON CRISP RICE","3.62","394","6.69","1.26","2.22","86.22","0.7","12.12","5","32.73","23","98","106","545","1.3","0.149","1.1","18","64.5","2.05","1.288","28.967","0.317","1.937","606","602","4","1027","6","5.45","3788","1136","1136","0","0","0","0","0","0.06","7.6","303","0","0.36","0.243","0.293","0","33","1.25 cup,  (1 NLEA serving)","28","1 cup","0"
"8028","CEREALS RTE,KELLOGG,KELLOGG'S ALL-BRAN COMPLETE WHEAT FLAKES","2.5","327","10.2","2.5","3.2","81.6","17.3","18.8","39","62.1","138","517","518","718","51.7","0.5","5.297","10.5","207","5.17","5.86","69","34.5","6.9","1379","1360","19","2331","35","21","2586","776","776","0","0","0","0","159","46.35","3.5","138","1.4","0.4","0.4","1.3","0","29",".75 cup,  (1 NLEA serving)","","","0"
"8029","CEREALS RTE,POST BRAN FLAKES","3.4","328","9.9","2.1","4.1","80.5","18.3","18.6","44","28","229","449","533","540","5","0.5","","52.5","0","1.3","1.4","16.7","","1.7","667","648","19","1120","33.5","5","2500","749","748","0","3","0","0","150","0.77","3.3","133","1.4","0.4","0.3","1.2","0","30",".75 cup,  (1 NLEA serving)","","","0"
"8030","CEREALS RTE,KELLOGG,KELLOGG'S FROOT LOOPS","2.5","375","5.3","3.4","1.45","88","9.3","41.7","10","15.5","31","74","117","469","5.2","0.089","0.56","5.9","52","1.29","1.47","17.2","0.347","1.72","345","326","19","573","10.5","5.2","1724","501","498","19","29","0","0","442","0.15","3.5","138","0.3","1.8","0.6","0.9","0","29","1 cup,  (1 NLEA serving)","","","0"
"8031","CEREALS RTE,KELLOGG'S FRSTD MINI-WHEATS,BIG BITE","4.8","350","9.2","1.6","1.4","83.4","10.8","20.3","28","28","86","368","363","2","2.7","0.35","3.466","4.1","0","0.65","0.73","8.6","0.525","0.86","345","326","19","573","25.3","2.6","6","0","0","0","4","0","0","167","0.67","0","0","1.6","0.4","0.2","0.9","0","58","7 biscuit,  (1 NLEA serving)","","","0"
"8032","CEREALS RTE,KELLOGG,KELLOGG'S FRSTD RICE KRISPIES","2.5","384","4.3","0.4","1.5","91.3","0.5","40.2","6","18","23","81","59","371","0.8","0.164","0.687","15.4","50","1.25","1.42","16.7","0.637","1.67","400","396","4","677","3.6","5","4167","1250","1250","0","0","0","0","0","11.25","5","200","0.1","0.1","0.1","0.1","0","30",".75 cup,  (1 NLEA serving)","","","0"
"8034","CEREALS RTE,POST,FRUITY PEBBLES","3","402","4.62","4.02","2.5","86.1","0.8","34.28","19","6.67","16","71","72","531","5.56","0.14","","10.2","22.2","1.39","1.57","18.52","","1.85","370","366","4","627","3.7","5.56","2778","833","833","0","0","0","0","0","0.13","7.4","296","1.3","3.6","0.16","0.12","0","27",".75 cup,  (1 NLEA serving)","","","0"
"8038","CEREALS RTE,POST,GRAPE-NUTS CRL","3.5","361","11.22","1.81","2.98","80.49","13","8.86","32","28","124","467","400","465","2.07","0.34","3.236","9.1","0.1","0.65","0.12","8.62","0.872","0.86","345","326","19","573","31.9","0","4","0","0","0","2","0","0","166","0.62","0","0","2","0.34","0.21","0.78","0","58",".5 cup,  (1 NLEA serving)","","","0"
"9003","APPLES,RAW,WITH SKIN","85.56","52","0.26","0.17","0.19","13.81","2.4","10.39","6","0.12","5","11","107","1","0.04","0.027","0.035","0","4.6","0.017","0.026","0.091","0.061","0.041","3","0","3","3","3.4","0","54","3","0","0","27","11","0","29","0.18","0","0","2.2","0.028","0.007","0.051","0","125","1 cup, quartered or chopped","109","1 cup, slices","10"
"9005","APPLES,RAW,WO/SKN,CKD,BLD","85.47","53","0.26","0.36","0.28","13.64","2.4","11.01","5","0.19","3","8","88","1","0.04","0.035","0.118","0.3","0.2","0.016","0.012","0.095","0.046","0.044","1","0","1","1","3.4","0","44","2","0","0","19","14","0","19","0.05","0","0","0.6","0.058","0.014","0.104","0","171","1 cup, slices","","","0"
"9021","APRICOTS,RAW","86.35","48","1.4","0.39","0.75","11.12","2","9.24","13","0.39","10","23","259","1","0.2","0.078","0.077","0.1","10","0.03","0.04","0.6","0.24","0.054","9","0","9","9","2.8","0","1926","96","0","19","1094","104","0","89","0.89","0","0","3.3","0.027","0.17","0.077","0","155","1 cup,  halves","165","1 cup, sliced","7"
"9037","AVOCADOS,RAW,ALL COMM VAR","73.23","160","2","14.66","1.58","8.53","6.7","0.66","12","0.55","29","52","485","7","0.64","0.19","0.142","0.4","10","0.067","0.13","1.738","1.389","0.257","81","0","81","81","14.2","0","146","7","0","24","62","28","0","271","2.07","0","0","21","2.126","9.799","1.816","0","150","1 cup, cubes","230","1 cup, pureed","26"
"9040","BANANAS,RAW","74.91","89","1.09","0.33","0.82","22.84","2.6","12.23","5","0.26","27","22","358","1","0.15","0.078","0.27","1","8.7","0.031","0.073","0.665","0.334","0.367","20","0","20","20","9.8","0","64","3","0","25","26","0","0","22","0.1","0","0","0.5","0.112","0.032","0.073","0","225","1 cup, mashed","150","1 cup, sliced","36"
"9042","BLACKBERRIES,RAW","88.15","43","1.39","0.49","0.37","9.61","5.3","4.88","29","0.62","20","22","162","1","0.53","0.165","0.646","0.4","21","0.02","0.026","0.646","0.276","0.03","25","0","25","25","8.5","0","214","11","0","0","128","0","0","118","1.17","0","0","19.8","0.014","0.047","0.28","0","144","1 cup","","","4"
"9044","CHERRIES,TART,DRIED,SWTND","16.6","333","1.25","0.73","0.97","80.45","2.5","67.15","38","0.68","22","36","376","13","0.25","0.229","","0.4","19.3","0.058","0.101","0.867","","0.101","11","0","11","11","14.7","0","2829","141","0","0","1697","0","0","173","0.17","0","0","5.1","0.146","0.177","0.194","0","40",".25 cup","","","0"
"9089","FIGS,RAW","79.11","74","0.75","0.3","0.66","19.18","2.9","16.26","35","0.37","17","14","232","1","0.15","0.07","0.128","0.2","2","0.06","0.05","0.4","0.3","0.113","6","0","6","6","4.7","0","142","7","0","0","85","0","0","9","0.11","0","0","4.7","0.06","0.066","0.144","0","64","1 large,  (2-1/2"" dia)","50","1 medium,  (2-1/4"" dia)","1"
"9094","FIGS,DRIED,UNCOOKED","30.05","249","3.3","0.93","1.86","63.87","9.8","47.92","162","2.03","68","67","680","10","0.55","0.287","0.51","0.6","1.2","0.085","0.082","0.619","0.434","0.106","9","0","9","9","15.8","0","10","0","0","0","6","0","0","32","0.35","0","0","15.6","0.144","0.159","0.345","0","149","1 cup","8.4","1 fig","4"
"9111","GRAPEFRUIT,RAW,PINK&RED&WHITE,ALL AREAS","90.89","32","0.63","0.1","0.31","8.08","1.1","6.98","12","0.09","8","8","139","0","0.07","0.047","0.012","0.3","34.4","0.036","0.02","0.25","0.283","0.042","10","0","10","10","7.7","0","927","46","0","4","552","6","1135","6","0.13","0","0","0","0.014","0.013","0.024","0","230","1 cup, sections with juice","166",".5 large,  (approx 4-1/2"" dia)","50"
"9148","KIWIFRUIT,GRN,RAW","83.07","61","1.14","0.52","0.61","14.66","3","8.99","34","0.31","17","34","312","3","0.14","0.13","0.098","0.2","92.7","0.027","0.025","0.341","0.183","0.063","25","0","25","25","7.8","0","87","4","0","0","52","0","0","122","1.46","0","0","40.3","0.029","0.047","0.287","0","180","1 cup, sliced","69","1 fruit,  (2"" dia)","24"
"9152","LEMON JUICE,RAW","92.31","22","0.35","0.24","0.21","6.9","0.3","2.52","6","0.08","6","8","103","1","0.05","0.016","0.012","0.1","38.7","0.024","0.015","0.091","0.131","0.046","20","0","20","20","5.1","0","6","0","0","0","1","4","0","15","0.15","0","0","0","0.04","0.006","0.021","0","244","1 cup","30.5","1 fl oz","0"
"9176","MANGOS,RAW","83.46","60","0.82","0.38","0.36","14.98","1.6","13.66","11","0.16","10","14","168","1","0.09","0.111","0.063","0.6","36.4","0.028","0.038","0.669","0.197","0.119","43","0","43","43","7.6","0","1082","54","0","9","640","10","3","23","0.9","0","0","4.2","0.092","0.14","0.071","0","165","1 cup, pieces","336","1 fruit, without refuse","29"
"9178","MANGO,DRIED,SWTND","16.6","319","2.45","1.18","1.19","78.58","2.4","66.27","0","0.23","20","50","279","162","0.3","0.3","10","2.1","42.3","0.062","0.085","2","","0.334","68","0","68","68","23.7","0","1343","67","0","11","786","29","0","52","4.02","0","0","13.2","0.287","0.439","0.222","0","","","","","0"
"9193","OLIVES,RIPE,CND (SMALL-EXTRA LRG)","79.99","115","0.84","10.68","2.23","6.26","3.2","0","88","3.3","4","3","8","735","0.22","0.251","0.02","0.9","0.9","0.003","0","0.037","0.015","0.009","0","0","0","0","10.3","0","403","20","0","0","237","9","0","510","1.65","0","0","1.4","1.415","7.888","0.911","0","8.4","1 tbsp","4.4","1 large","0"
"9200","ORANGES,RAW,ALL COMM VAR","86.75","47","0.94","0.12","0.44","11.75","2.4","9.35","40","0.1","10","14","181","0","0.07","0.045","0.025","0.5","53.2","0.087","0.04","0.282","0.25","0.06","30","0","30","30","8.4","0","225","11","0","11","71","116","0","129","0.18","0","0","0","0.015","0.023","0.025","0","180","1 cup, sections","184","1 large,  (3-1/16"" dia)","27"
"9206","ORANGE JUICE,RAW","88.3","45","0.7","0.2","0.4","10.4","0.2","8.4","11","0.2","11","17","200","1","0.05","0.044","0.014","0.1","50","0.09","0.03","0.4","0.19","0.04","30","0","30","30","6.2","0","200","10","0","6","33","169","0","115","0.04","0","0","0.1","0.024","0.036","0.04","0","248","1 cup","31","1 fl oz","0"
"9231","PASSION-FRUIT,(GRANADILLA),PURPLE,RAW","72.93","97","2.2","0.7","0.8","23.38","10.4","11.2","12","1.6","29","68","348","28","0.1","0.086","","0.6","30","0","0.13","1.5","","0.1","14","0","14","14","7.6","0","1272","64","0","0","743","41","0","0","0.02","0","0","0.7","0.059","0.086","0.411","0","236","1 cup","18","1 fruit, without refuse","48"
"9236","PEACHES,YEL,RAW","88.87","39","0.91","0.25","0.43","9.54","1.5","8.39","6","0.25","9","20","190","0","0.17","0.068","0.061","0.1","6.6","0.024","0.031","0.806","0.153","0.025","4","0","4","4","6.1","0","326","16","0","0","162","67","0","91","0.73","0","0","2.6","0.019","0.067","0.086","0","154","1 cup, slices","130","1 small,  (2-1/2"" dia)","4"
"9252","PEARS,RAW","83.96","57","0.36","0.14","0.32","15.23","3.1","9.75","9","0.18","7","12","116","1","0.1","0.082","0.048","0.1","4.3","0.012","0.026","0.161","0.049","0.029","7","0","7","7","5.1","0","25","1","0","1","14","2","0","44","0.12","0","0","4.4","0.022","0.084","0.094","0","140","1 cup, slices","161","1 cup, cubes","10"
"9259","PEARS,DRIED,SULFURED,UNCKD","26.69","262","1.87","0.63","1.11","69.7","7.5","62.2","34","2.1","33","59","533","6","0.39","0.371","0.327","0.2","7","0.008","0.145","1.372","0.153","0.072","0","0","0","0","23","0","3","0","0","0","2","0","0","50","0.06","0","0","20.4","0.035","0.132","0.148","0","180","1 cup,  halves","18","1 half","0"
"9266","PINEAPPLE,RAW,ALL VAR","86","50","0.54","0.12","0.22","13.12","1.4","9.85","13","0.29","12","8","109","1","0.12","0.11","0.927","0.1","47.8","0.079","0.032","0.5","0.213","0.112","18","0","18","18","5.5","0","58","3","0","0","35","0","0","0","0.02","0","0","0.7","0.009","0.013","0.04","0","165","1 cup, chunks","905","1 fruit","49"
"9286","POMEGRANATES,RAW","77.93","83","1.67","1.17","0.53","18.7","4","13.67","10","0.3","12","36","236","3","0.35","0.158","0.119","0.5","10.2","0.067","0.053","0.293","0.377","0.075","38","0","38","38","7.6","0","0","0","0","0","0","0","0","0","0.6","0","0","16.4","0.12","0.093","0.079","0","87",".5 cup, arils (seed/juice sacs)","282","1 pomegranate,  (4"" dia)","44"
"9297","RAISINS,GOLDEN SEEDLESS","14.97","302","3.39","0.46","1.66","79.52","4","59.19","53","1.79","35","115","746","12","0.32","0.363","0.308","0.7","3.2","0.008","0.191","1.142","0.14","0.323","3","0","3","3","11.1","0","0","0","0","0","0","0","0","0","0.12","0","0","3.5","0.151","0.019","0.135","0","165","1 cup,  packed","145","1 cup,  (not packed)","0"
"9298","RAISINS,SEEDLESS","15.43","299","3.07","0.46","1.85","79.18","3.7","59.19","50","1.88","32","101","749","11","0.22","0.318","0.299","0.6","2.3","0.106","0.125","0.766","0.095","0.174","5","0","5","5","11.1","0","0","0","0","0","0","0","0","0","0.12","0","0","3.5","0.058","0.051","0.037","0","165","1 cup,  packed","145","1 cup,  (not packed)","0"
"9316","STRAWBERRIES,RAW","90.95","32","0.67","0.3","0.4","7.68","2","4.89","16","0.41","13","24","153","1","0.14","0.048","0.386","0.4","58.8","0.024","0.022","0.386","0.125","0.047","24","0","24","24","5.7","0","12","1","0","0","7","0","0","26","0.29","0","0","2.2","0.015","0.043","0.155","0","152","1 cup,  halves","232","1 cup, pureed","6"
"9317","STRAWBERRIES,CND,HVY SYRUP PK,SOL&LIQUIDS","75.35","92","0.56","0.26","0.3","23.53","1.7","21.83","13","0.49","8","12","86","4","0.09","0.063","0.2","0.3","31.7","0.021","0.034","0.057","0.179","0.049","28","0","28","28","3.8","0","26","1","0","0","16","0","0","18","0.19","0","0","1.5","0.014","0.036","0.129","0","254","1 cup","","","0"
"9320","STRAWBERRIES,FRZ,SWTND,SLICED","73.18","96","0.53","0.13","0.24","25.92","1.9","24.01","11","0.59","7","13","98","3","0.06","0.02","0.25","0.7","41.4","0.016","0.051","0.401","0.108","0.03","15","0","15","15","4.6","0","24","1","0","0","14","0","0","21","0.23","0","0","1.7","0.007","0.018","0.064","0","255","1 cup, thawed","284","1 package,  (10 oz)","0"
"9326","WATERMELON,RAW","91.45","30","0.61","0.15","0.25","7.55","0.4","6.2","7","0.24","10","11","112","1","0.1","0.042","0.038","0.4","8.1","0.033","0.021","0.178","0.221","0.045","3","0","3","3","4.1","0","569","28","0","0","303","78","4532","8","0.05","0","0","0.1","0.016","0.037","0.05","0","154","1 cup, balls","152","1 cup, diced","48"
"9351","FRUIT COCKTAIL,CND,HVY SYRUP,DRND","80.4","70","0.47","0.1","0.24","18.8","1.7","17.14","7","0.29","5","12","90","6","0.08","0.086","","0.5","1.9","0.019","0.021","0.374","","0.051","3","0","3","3","2.4","0","273","14","0","0","138","52","0","112","0.6","0","0","3.9","0.014","0.018","0.042","0","214","1 cup","","","0"
"9352","BLUEBERRIES,CND,LT SYRUP,DRND","75.72","88","1.04","0.4","0.18","22.66","2.6","17.45","6","0.43","4","12","54","3","0.09","0.053","0.44","0.1","0.5","0.046","0.132","0.363","0.041","0.049","2","0","2","2","4","0","36","2","0","0","22","0","0","53","1.38","0","0","19.9","0.028","0.062","0.19","0","244","1 cup","","","0"
"9354","PINEAPPLE,CND,JUC PK,DRND","83.51","60","0.51","0.11","0.31","15.56","1.3","14.26","16","0.28","15","7","124","1","0.1","0.107","","0.4","9.4","0.102","0.021","0.284","","0.075","5","0","5","5","5.5","0","50","3","0","0","30","0","0","0","0.02","0","0","0.7","0.008","0.014","0.04","0","181","1 cup, chunks","195","1 cup, crushed","0"
"9357","APRICOTS,CND,HVY SYRUP,DRND","77.56","83","0.64","0.11","0.38","21.31","2.7","18.65","10","0.3","7","13","143","4","0.11","0.097","","0.1","3.1","0.021","0.024","0.376","","0.055","2","0","2","2","2.8","0","2924","146","0","0","1746","16","0","39","0.89","0","0","3.3","0.007","0.045","0.021","0","219","1 cup,  halves","182","1 cup, whole","0"
"9370","PEACHES,CND,HVY SYRUP,DRND","80.62","72","0.52","0.18","0.26","18.43","1.2","14.66","3","0.27","5","12","94","6","0.09","0.063","","0","0.7","0.02","0.02","0.625","0.024","0.013","9","0","9","9","3.8","0","626","31","0","0","333","85","0","33","1.19","0","0","2.4","0.013","0.047","0.066","0","222","1 cup","73","1 half","0"
"9404","GRAPEFRUIT JUICE,PINK,RAW","90","39","0.5","0.1","0.2","9.2","","","9","0.2","12","15","162","1","0.05","0.033","0.02","","38","0.04","0.02","0.2","0.189","0.044","10","0","10","10","","0","440","22","0","","","","","","","0","0","","0.014","0.013","0.024","0","247","1 cup","196","1 fruit,  yields","0"
"9407","PEACH NECTAR,CND,W/ VIT C","85.64","54","0.27","0.02","0.15","13.92","0.6","12.35","5","0.19","4","6","40","7","0.08","0.069","0.019","0.2","17.6","0.003","0.014","0.288","0.068","0.007","1","0","1","1","","0","258","13","0","","","","","","","0","0","","0.002","0.008","0.011","0","249","1 cup","31.1","1 fl oz","0"
"9408","PEAR NECTAR,CND,W/ VIT C","84.01","60","0.11","0.01","0.1","15.76","0.6","15.16","5","0.26","3","3","13","4","0.07","0.067","0.03","0.5","27","0.002","0.013","0.128","0.022","0.014","1","0","1","1","","0","1","0","0","","","","","","","0","0","","0.001","0.003","0.003","0","250","1 cup","31.2","1 fl oz","0"
"9421","DATES,MEDJOOL","21.32","277","1.81","0.15","1.74","74.97","6.7","66.47","64","0.9","54","62","696","1","0.44","0.362","0.296","","0","0.05","0.06","1.61","0.805","0.249","15","0","15","15","9.9","","149","7","","0","89","0","0","23","","0","0","2.7","","","","","24","1 date, pitted","","","8"
"11008","ARTICHOKES,(GLOBE OR FRENCH),CKD,BLD,DRND,WO/SALT","84.08","53","2.89","0.34","0.74","11.95","5.7","0.99","21","0.61","42","73","286","60","0.4","0.127","0.225","0.2","7.4","0.05","0.089","1.11","0.24","0.081","89","0","89","89","34.4","0","13","1","0","0","8","0","0","464","0.19","0","0","14.8","0.079","0.011","0.145","0","120","1 artichoke,  medium","84",".5 cup, hearts","60"
"11029","BEANS,KIDNEY,MATURE SEEDS,SPROUTED,RAW","90.7","29","4.2","0.5","0.5","4.1","","","17","0.81","21","37","187","6","0.4","0.159","0.182","0.6","38.7","0.37","0.25","2.92","0.368","0.085","59","0","59","59","","0","2","0","0","","","","","","","0","0","","0.072","0.039","0.276","0","184","1 cup","","","0"
"11030","BEANS,KIDNEY,MATURE SEEDS,SPROUTED,CKD,BLD,DRND,WO/SALT","89.3","33","4.83","0.58","0.58","4.72","","","19","0.89","23","38","194","7","0.44","0.174","0.199","0.6","35.6","0.362","0.273","3.024","0.381","0.093","47","0","47","47","","0","2","0","0","","","","","","","0","0","","0.083","0.045","0.318","0","","","","","0"
"11053","BEANS,SNAP,GRN,CKD,BLD,DRND,WO/SALT","89.22","35","1.89","0.28","0.73","7.88","3.2","3.63","44","0.65","18","29","146","1","0.25","0.057","0.285","0.2","9.7","0.074","0.097","0.614","0.074","0.056","33","0","33","33","16.9","0","633","32","0","0","380","0","0","641","0.46","0","0","47.9","0.064","0.011","0.145","0","125","1 cup","","","0"
"11058","BEANS,SNAP,CND,ALL STYLES,SEASONED,SOL&LIQUIDS","94.3","16","0.83","0.2","1.18","3.49","1.5","","22","0.47","13","16","93","373","0.14","0.06","0.312","0.2","3.1","0.025","0.049","0.233","0.098","0.044","18","0","18","18","","0","525","26","0","","","","","","","0","0","","0.045","0.008","0.102","0","114",".5 cup","439","1 can,  (303 x 406)","0"
"11090","BROCCOLI,RAW","89.3","34","2.82","0.37","0.87","6.64","2.6","1.7","47","0.73","21","66","316","33","0.41","0.049","0.21","2.5","89.2","0.071","0.117","0.639","0.573","0.175","63","0","63","63","18.7","0","623","31","0","25","361","1","0","1403","0.78","0","0","101.6","0.039","0.011","0.038","0","91","1 cup, chopped","608","1 bunch","39"
"11091","BROCCOLI,CKD,BLD,DRND,WO/SALT","89.25","35","2.38","0.41","0.77","7.18","3.3","1.39","40","0.67","21","67","293","41","0.45","0.061","0.194","1.6","64.9","0.063","0.123","0.553","0.616","0.2","108","0","108","108","40.1","0","1548","77","0","0","929","0","0","1080","1.45","0","0","141.1","0.079","0.04","0.17","0","78",".5 cup, chopped","280","1 stalk,  large (11""-12"" long)","0"
"11109","CABBAGE,RAW","92.18","25","1.28","0.1","0.64","5.8","2.5","3.2","40","0.47","12","26","170","18","0.18","0.019","0.16","0.3","36.6","0.061","0.04","0.234","0.212","0.124","43","0","43","43","10.7","0","98","5","0","33","42","0","0","30","0.15","0","0","76","0.034","0.017","0.017","0","89","1 cup, chopped","70","1 cup, shredded","20"
"11110","CABBAGE,CKD,BLD,DRND,WO/SALT","92.57","23","1.27","0.06","0.59","5.51","1.9","2.79","48","0.17","15","33","196","8","0.2","0.017","0.205","0.6","37.5","0.061","0.038","0.248","0.174","0.112","30","0","30","30","20.3","0","80","4","0","0","48","0","0","27","0.14","0","0","108.7","0","0.019","0.023","0","75",".5 cup, shredded","1262","1 head","0"
"11112","CABBAGE,RED,RAW","90.39","31","1.43","0.16","0.64","7.37","2.1","3.83","45","0.8","16","30","243","27","0.22","0.017","0.243","0.6","57","0.064","0.069","0.418","0.147","0.209","18","0","18","18","17.1","0","1116","56","0","0","670","0","20","329","0.11","0","0","38.2","0.021","0.012","0.08","0","89","1 cup, chopped","70","1 cup, shredded","20"
"11124","CARROTS,RAW","88.29","41","0.93","0.24","0.97","9.58","2.8","4.74","33","0.3","12","35","320","69","0.24","0.045","0.143","0.1","5.9","0.066","0.058","0.983","0.273","0.138","19","0","19","19","8.8","0","16706","835","0","3477","8285","0","1","256","0.66","0","0","13.2","0.037","0.014","0.117","0","128","1 cup, chopped","110","1 cup, grated","11"
"11125","CARROTS,CKD,BLD,DRND,WO/SALT","90.17","35","0.76","0.18","0.67","8.22","3","3.45","30","0.34","10","30","235","58","0.2","0.017","0.155","0.7","3.6","0.066","0.044","0.645","0.232","0.153","14","0","14","14","8.8","0","17033","852","0","3776","8332","0","0","687","1.03","0","0","13.7","0.03","0.006","0.089","0","9.7","1 tbsp","78",".5 cup, slices","0"
"11135","CAULIFLOWER,RAW","92.07","25","1.92","0.28","0.76","4.97","2","1.91","22","0.42","15","44","299","30","0.27","0.039","0.155","0.6","48.2","0.05","0.06","0.507","0.667","0.184","57","0","57","57","44.3","0","0","0","0","0","0","0","0","1","0.08","0","0","15.5","0.13","0.034","0.031","0","107","1 cup, chopped (1/2"" pieces)","13","1 floweret","61"
"11136","CAULIFLOWER,CKD,BLD,DRND,WO/SALT","93","23","1.84","0.45","0.6","4.11","2.3","2.08","16","0.32","9","32","142","15","0.17","0.018","0.132","0.6","44.3","0.042","0.052","0.41","0.508","0.173","44","0","44","44","39.1","0","12","1","0","0","7","0","0","29","0.07","0","0","13.8","0.07","0.032","0.217","0","62",".5 cup,  (1"" pieces)","54","3 flowerets","0"
"11192","COWPEAS (BLACKEYES),IMMAT SEEDS,CKD,BLD,DRND,WO/ SALT","75.48","97","3.17","0.38","0.65","20.32","5","3.23","128","1.12","52","51","418","4","1.03","0.133","0.572","2.5","2.2","0.101","0.148","1.403","0.154","0.065","127","0","127","127","32.9","0","791","40","0","0","475","0","0","0","0.22","0","0","26.6","0.096","0.034","0.161","0","165","1 cup","","","0"
"11205","CUCUMBER,WITH PEEL,RAW","95.23","15","0.65","0.11","0.38","3.63","0.5","1.67","16","0.28","13","24","147","2","0.2","0.041","0.079","0.3","2.8","0.027","0.033","0.098","0.259","0.04","7","0","7","7","6","0","105","5","0","11","45","26","0","23","0.03","0","0","16.4","0.037","0.005","0.032","0","52",".5 cup, slices","301","1 cucumber,  (8-1/4"")","3"
"11210","EGGPLANT,CKD,BLD,DRND,WO/SALT","89.67","35","0.83","0.23","0.54","8.73","2.5","3.2","6","0.25","11","15","123","1","0.12","0.059","0.113","0.1","1.3","0.076","0.02","0.6","0.075","0.086","14","0","14","14","9.4","0","37","2","0","0","22","0","0","0","0.41","0","0","2.9","0.044","0.02","0.093","0","99","1 cup,  (1"" cubes)","","","0"
"11215","GARLIC,RAW","58.58","149","6.36","0.5","1.5","33.06","2.1","1","181","1.7","25","153","401","17","1.16","0.299","1.672","14.2","31.2","0.2","0.11","0.7","0.596","1.235","3","0","3","3","23.2","0","9","0","0","0","5","0","0","16","0.08","0","0","1.7","0.089","0.011","0.249","0","136","1 cup","2.8","1 tsp","13"
"11249","LENTILS,SPROUTED,CKD,STIR-FRIED,WO/SALT","68.7","101","8.8","0.45","0.8","21.25","","","14","3.1","35","153","284","10","1.6","0.337","0.502","0.6","12.6","0.22","0.09","1.2","0.571","0.164","67","0","67","67","","0","41","2","0","","","","","","","0","0","","0.053","0.095","0.201","0","","","","","0"
"11257","LETTUCE,RED LEAF,RAW","95.64","16","1.33","0.22","0.55","2.26","0.9","0.48","33","1.2","12","28","187","25","0.2","0.028","0.203","1.5","3.7","0.064","0.077","0.321","0.144","0.1","36","0","36","36","11.8","0","7492","375","0","0","4495","0","0","1724","0.15","0","0","140.3","0.017","0.005","0.072","0","28","1 cup, shredded","2.6","1 leaf, inner","20"
"11260","MUSHROOMS,WHITE,RAW","92.45","22","3.09","0.34","0.85","3.26","1","1.98","3","0.5","9","86","318","5","0.52","0.318","0.047","9.3","2.1","0.081","0.402","3.607","1.497","0.104","17","0","17","17","17.3","0.04","0","0","0","0","0","0","0","0","0.01","0.2","7","0","0.05","0","0.16","0","70","1 cup, pieces or slices","96","1 cup, whole","3"
"11261","MUSHROOMS,WHITE,CKD,BLD,DRND,WO/ SALT","91.08","28","2.17","0.47","0.99","5.29","2.2","2.34","6","1.74","12","87","356","2","0.87","0.504","0.115","11.9","4","0.073","0.3","4.46","2.16","0.095","18","0","18","18","20.4","0","0","0","0","0","0","0","0","0","0.01","0.2","8","0","0.061","0.008","0.183","0","156","1 cup, pieces","9.8","1 tbsp","0"
"11282","ONIONS,RAW","89.11","40","1.1","0.1","0.35","9.34","1.7","4.24","23","0.21","10","29","146","4","0.17","0.039","0.129","0.5","7.4","0.046","0.027","0.116","0.123","0.12","19","0","19","19","6.1","0","2","0","0","0","1","0","0","4","0.02","0","0","0.4","0.042","0.013","0.017","0","160","1 cup, chopped","115","1 cup, sliced","10"
"11283","ONIONS,CKD,BLD,DRND,WO/SALT","87.86","44","1.36","0.19","0.44","10.15","1.4","4.73","22","0.24","11","35","166","3","0.21","0.067","0.153","0.6","5.2","0.042","0.023","0.165","0.113","0.129","15","0","15","15","6.8","0","2","0","0","0","1","0","0","4","0.02","0","0","0.5","0.031","0.027","0.073","0","210","1 cup","15","1 tbsp, chopped","0"
"11291","ONIONS,SPRING OR SCALLIONS (INCL TOPS&BULB),RAW","89.83","32","1.83","0.19","0.81","7.34","2.6","2.33","72","1.48","20","37","276","16","0.39","0.083","0.16","0.6","18.8","0.055","0.08","0.525","0.075","0.061","64","0","64","64","5.7","0","997","50","0","0","598","0","0","1137","0.55","0","0","207","0.032","0.027","0.074","0","100","1 cup, chopped","6","1 tbsp, chopped","4"
"11301","PEAS,EDIBLE-PODDED,BLD,DRND,WO/ SALT","88.91","42","3.27","0.23","0.54","7.05","2.8","3.99","42","1.97","26","55","240","4","0.37","0.077","0.168","0.7","47.9","0.128","0.076","0.539","0.673","0.144","29","0","29","29","17.4","0","1030","52","0","42","597","0","0","702","0.39","0","0","25","0.044","0.023","0.1","0","160","1 cup","","","0"
"11305","PEAS,GRN,CKD,BLD,DRND,WO/SALT","77.87","84","5.36","0.22","0.92","15.63","5.5","5.93","27","1.54","39","117","271","3","1.19","0.173","0.525","1.9","14.2","0.259","0.149","2.021","0.153","0.216","63","0","63","63","29.7","0","801","40","0","22","470","0","0","2593","0.14","0","0","25.9","0.039","0.019","0.102","0","160","1 cup","","","0"
"11310","PEAS,GRN,CND,SEASONED,SOL&LIQUIDS","86.51","50","3.09","0.27","0.88","9.25","2","","15","1.2","15","54","122","254","0.65","0.099","0.268","1.3","11.5","0.096","0.071","0.69","0.089","0.098","29","0","29","29","","0","433","22","0","","","","","","","0","0","","0.048","0.024","0.127","0","227","1 cup","114",".5 cup","0"
"11363","POTATOES,BKD,FLESH,WO/SALT","75.42","93","1.96","0.1","0.97","21.55","1.5","1.7","5","0.35","25","50","391","5","0.29","0.215","0.161","0.3","12.8","0.105","0.021","1.395","0.555","0.301","9","0","9","9","14.5","0","0","0","0","0","0","0","0","0","0.04","0","0","0.3","0.026","0.002","0.043","0","61",".5 cup","156","1 potato,  (2-1/3"" x 4-3/4"")","23"
"11371","POTATOES,MSHD,HOME-PREPARED,WHL MILK & MARGARINE ADDED","75.25","113","1.96","4.2","1.65","16.94","1.5","1.41","21","0.26","19","48","326","333","0.3","0.155","0.113","0.8","10.5","0.092","0.042","1.174","0.476","0.247","9","0","9","9","13.5","0.07","187","44","41","0","30","0","0","7","0.42","0.2","7","6","0.745","1.44","0.892","1","210","1 cup","","","0"
"11373","POTATOES,AU GRATIN,HOME-PREPARED FROM RECIPE USING BUTTER","74","132","5.06","7.59","2.09","11.27","1.8","","119","0.64","20","113","396","433","0.69","0.16","0.161","2.7","9.9","0.064","0.116","0.993","0.387","0.174","11","3","8","13","","0","264","64","61","","","","","","","0","0","","4.733","2.149","0.276","23","245","1 cup","","","0"
"11395","POTATOES,FRENCH FR,SHOESTRNG,SALT ADDED IN PROC,FRZ,OVEN-HTD","56.62","199","2.9","6.76","2.07","31.66","2.8","0.31","12","0.8","25","112","505","400","0.43","0.114","0.187","0.6","14.2","0.129","0.034","2.28","0.554","0.192","33","","33","","","0","5","0","","0","3","0","0","17","0.16","0","0","2.7","1.267","4.058","0.345","0","21","10 strip","","","0"
"11458","SPINACH,CKD,BLD,DRND,WO/ SALT","91.21","23","2.97","0.26","1.81","3.75","2.4","0.43","136","3.57","87","56","466","70","0.76","0.174","0.935","1.5","9.8","0.095","0.236","0.49","0.145","0.242","146","0","146","146","19.7","0","10481","524","0","0","6288","0","0","11308","2.08","0","0","493.6","0.043","0.006","0.109","0","180","1 cup","","","0"
"11510","SWEET POTATO,CKD,BLD,WO/ SKN","80.13","76","1.37","0.14","0.63","17.72","2.5","5.74","27","0.72","18","32","230","27","0.2","0.094","0.266","0.2","12.8","0.056","0.047","0.538","0.581","0.165","6","0","6","6","10.8","0","15740","787","0","0","9444","0","0","0","0.94","0","0","2.1","0.031","0","0.061","0","328","1 cup, mashed","151","1 medium","0"
"11527","TOMATOES,GREEN,RAW","93","23","1.2","0.2","0.5","5.1","1.1","4","13","0.51","10","28","204","13","0.07","0.09","0.1","0.4","23.4","0.06","0.04","0.5","0.5","0.081","9","0","9","9","8.6","0","642","32","0","78","346","0","0","0","0.38","0","0","10.1","0.028","0.03","0.081","0","180","1 cup","182","1 large","9"
"11530","TOMATOES,RED,RIPE,CKD","94.34","18","0.95","0.11","0.6","4.01","0.7","2.49","11","0.68","9","28","218","11","0.14","0.075","0.105","0.5","22.8","0.036","0.022","0.532","0.129","0.079","13","0","13","13","6.9","0","489","24","0","0","293","0","3041","94","0.56","0","0","2.8","0.015","0.016","0.044","0","240","1 cup","246","2 medium","0"
"11533","TOMATOES,RED,RIPE,CND,STWD","91.54","26","0.91","0.19","1.17","6.19","1","3.52","34","1.33","12","20","207","221","0.17","0.112","0.059","0.6","7.9","0.046","0.035","0.714","0.114","0.017","5","0","5","5","10.4","0","172","9","0","0","103","0","4088","126","0.83","0","0","2.4","0.026","0.029","0.077","0","255","1 cup","","","0"
"11546","TOMATO PRODUCTS,CND,PASTE,WO/ SALT ADDED","73.5","82","4.32","0.47","2.8","18.91","4.1","12.18","36","2.98","42","83","1014","59","0.63","0.365","0.302","5.3","21.9","0.06","0.153","3.076","0.142","0.216","12","0","12","12","38.5","0","1525","76","0","29","901","0","28764","0","4.3","0","0","11.4","0.1","0.067","0.16","0","66",".25 cup","262","1 cup","0"
"11579","VEGETABLES,MXD,CND,SOL&LIQUIDS","90.24","36","1.42","0.25","0.96","7.13","3.8","","21","0.65","15","37","138","224","0.51","0.104","0.427","0.2","3.8","0.034","0.04","0.482","0.114","0.077","18","0","18","18","","0","5081","","0","","","","","","","0","0","","0.051","0.016","0.12","0","245","1 cup","","","0"
"11657","POTATOES,MSHD,HOME-PREPARED,WHL MILK ADDED","78.48","83","1.91","0.57","1.46","17.57","1.5","1.48","24","0.27","18","46","296","302","0.28","0.145","0.119","0.8","6.2","0.089","0.041","1.118","0.485","0.232","8","0","8","8","13.3","0.07","27","7","7","0","2","0","0","8","0.02","0.2","8","1.8","0.302","0.124","0.065","2","210","1 cup","","","0"
"11658","SPINACH SOUFFLE","70.73","172","7.89","12.95","2.52","5.9","0.7","1.85","165","1.19","30","139","231","566","0.85","0.059","0.269","11.1","7.3","0.082","0.263","0.479","0.438","0.098","73","6","67","77","61","0.4","2891","244","120","3","1493","2","0","3249","0.93","0.8","31","126.5","6.091","3.021","0.61","118","136","1 cup","813","1 recipe,  yield","0"
"11672","POTATO PANCAKES","47.77","268","6.08","14.76","3.59","27.81","3.3","1.79","32","1.67","36","128","622","764","0.7","0.18","0.26","8.9","27.6","0.158","0.173","1.672","0.757","0.448","41","6","35","45","74.2","0.29","113","32","31","0","4","2","0","87","0.23","0.3","11","2.7","2.496","3.73","7.516","95","22","1 small,  2-3/4 in. dia., 5/8 in. thick.","37","1 medium,  3-1/4 in. x 3-5/8 in., 5/8 in. thick.","0"
"11757","CARROTS,CKD,BLD,DRND,W/SALT","90.17","35","0.76","0.18","0.67","8.22","3","3.45","30","0.34","10","30","235","302","0.2","0.017","0.155","0.7","3.6","0.066","0.044","0.645","0.232","0.153","2","0","2","2","8.8","0","17033","852","0","3776","8332","0","0","194","1.03","0","0","13.7","0.037","0.007","0.107","0","9.7","1 tbsp","78",".5 cup, slices","0"
"11783","EGGPLANT,CKD,BLD,DRND,W/SALT","89.67","33","0.83","0.23","1.13","8.14","2.5","3.2","6","0.25","11","15","123","239","0.12","0.059","0.113","0.1","1.3","0.076","0.02","0.6","0.075","0.086","14","0","14","14","9.4","0","37","2","0","0","22","0","0","0","0.41","0","0","2.9","0.044","0.02","0.093","0","99","1 cup,  (1"" cubes)","","","0"
"12006","CHIA SEEDS,DRIED","5.8","486","16.54","30.74","4.8","42.12","34.4","","631","7.72","335","860","407","16","4.58","0.924","2.723","55.2","1.6","0.62","0.17","8.83","","","49","","49","","","0","54","","","","","","","","0.5","","","","3.33","2.309","23.665","0","28.35","1 oz","","","0"
"12061","ALMONDS","4.41","579","21.15","49.93","2.97","21.55","12.5","4.35","269","3.71","270","481","733","1","3.12","1.031","2.179","4.1","0","0.205","1.138","3.618","0.471","0.137","44","0","44","44","52.1","0","2","0","0","0","1","0","0","1","25.63","0","0","0","3.802","31.551","12.329","0","143","1 cup, whole","92","1 cup, sliced","60"
"12065","ALMONDS,OIL RSTD,WO/SALT","2.8","607","21.23","55.17","3.13","17.68","10.5","4.55","291","3.68","274","466","699","1","3.07","0.955","2.46","4.1","0","0.092","0.781","3.665","0.229","0.118","27","0","27","27","52.1","0","1","0","0","0","1","0","0","1","25.97","0","0","0","4.208","34.793","13.519","0","157","1 cup, whole kernels","28.35","1 oz,  (22 whole kernels)","0"
"12071","ALMOND PASTE","14.08","458","9","27.74","1.37","47.81","4.8","36.25","172","1.6","130","258","314","9","1.48","0.454","0.856","4.2","0.1","0.082","0.414","1.422","0.113","0.036","73","0","73","73","28.5","0","0","0","0","0","0","0","0","1","13.54","0","0","0","2.629","18.012","5.821","0","28.35","1 oz","227","1 cup,  firmly packed","0"
"12085","CASHEW NUTS,DRY RSTD,WO/SALT","1.7","574","15.31","46.35","3.95","32.69","3","5.01","45","6","260","490","565","16","5.6","2.22","0.826","11.7","0","0.2","0.2","1.4","1.217","0.256","69","0","69","69","61","0","0","0","0","0","0","0","0","23","0.92","0","0","34.7","9.157","27.317","7.836","0","137","1 cup, halves and whole","8.6","1 tbsp","0"
"12087","NUTS,CASHEW NUTS,RAW","5.2","553","18.22","43.85","2.54","30.19","3.3","5.91","37","6.68","292","593","660","12","5.78","2.195","1.655","19.9","0.5","0.423","0.058","1.062","0.864","0.417","25","0","25","25","","0","0","0","0","0","0","0","0","22","0.9","0","0","34.1","7.783","23.797","7.845","0","28.35","1 oz","","",""
"12152","PISTACHIO NUTS,DRY RSTD,WO/SALT","1.85","572","21.05","45.82","3","28.28","10.3","7.74","107","4.03","109","469","1007","6","2.34","1.293","1.243","10","3","0.695","0.234","1.373","0.513","1.122","51","0","51","51","71.4","0","266","13","0","0","159","0","0","1160","2.17","0","0","13.2","5.645","24.534","13.346","0","123","1 cup","28.35","1 oz,  (49 kernels)","47"
"12154","WALNUTS,BLACK,DRIED","4.56","619","24.06","59.33","2.47","9.58","6.8","1.1","61","3.12","201","513","523","2","3.37","1.36","3.896","17","1.7","0.057","0.13","0.47","1.66","0.583","31","0","31","31","32.1","0","40","2","0","0","24","0","0","9","2.08","0","0","2.7","3.483","15.442","36.437","0","125","1 cup, chopped","7.8","1 tbsp","76"
"14003","ALCOHOLIC BEV,BEER,REG,ALL","91.96","43","0.46","0","0.16","3.55","0","0","4","0.02","6","14","27","4","0.01","0.005","0.008","0.6","0","0.005","0.025","0.513","0.041","0.046","6","0","6","6","10.1","0.02","0","0","0","0","0","0","0","0","0","0","0","0","0","0","0","0","29.7","1 fl oz","356","1 can","0"
"14006","ALCOHOLIC BEV,BEER,LT","94.88","29","0.24","0","0.09","1.64","0","0.09","4","0.03","5","12","21","4","0.01","0.006","0.006","0.4","0","0.005","0.015","0.391","0.03","0.034","6","0","6","6","8.8","0.02","0","0","0","0","0","0","0","0","0","0","0","0","0","0","0","0","29.5","1 fl oz","354","1 can,  or bottle (12 fl oz)","0"
"14016","BEVERAGES,ALMOND MILK,SWTND,VANILLA FLAVOR,RTD","91.8","38","0.42","1.04","0.32","6.59","0.4","6.25","188","0.3","7","8","50","63","0.63","0.017","0.033","0.1","0","0.015","0.177","0.075","0.009","0.003","1","0","1","1","1","1.25","208","63","63","0","0","0","0","0","2.81","1","42","0","0","0.625","0.208","0","240","8 fl oz","240","1 cup","0"
"14021","BEVERAGES,ENERGY DRK,CITRUS","88.45","45","0","0","0.28","11.27","0","10.42","8","0","0","0","4","10","0","0","0","0","25","0","0","0","0","0","0","0","0","0","0","0","0","0","0","0","0","0","0","0","0","0","0","0","0","0","0","0","240","8 fl oz","","","0"
"14030","BEV,COCA-COLA CO,NOS ENGY ,OGN,GRPE,CHERY,CITR, VIT B6 & B12","88.45","44","0","0","0.28","11.25","0","11.25","0","0","0","0","0","85","0","0","","0","0","0","0","0","","0.833","0","0","0","0","0","2.5","0","0","0","0","0","0","0","0","0","0","0","0","0","0","0","0","480","16 fl oz","","","0"
"14057","ALCOHOLIC BEV,WINE,DSSRT,SWT","70.51","160","0.2","0","0.3","13.69","0","7.78","8","0.24","9","9","92","9","0.07","0.045","0.119","0.5","0","0.018","0.018","0.213","0.032","0","0","0","0","0","5","0","0","0","0","0","0","0","0","0","0","0","0","0","0","0","0","0","29.5","1 fl oz","103","1 glass,  (3.5 fl oz)","0"
"14061","BEVERAGES,ENERGY DRK,SUGAR FREE","99.11","4","0.42","0","0.06","0.42","0","0","0","0","0","0","0","42","0","0","","0","25","0","0","0","","0.833","167","167","0","283","0","2.5","0","0","0","0","0","0","0","0","0","0","0","0","0","0","0","0","240","8 fl oz","","","0"
"14063","BEVERAGES,CHOC PDR,NO SUGAR ADDED","7.4","373","9.09","9.09","10.7","63.64","9.1","27.27","909","3.27","410","500","1705","636","13.64","1.818","","21.8","54.5","1.5","0.35","25.6","","1.818","7","0","7","7","266.9","0","0","0","0","0","0","0","0","0","0","0","0","0","4.545","2.119","1.831","0","11","2 tbsp","","","0"
"14064","BEVERAGES,ORANGE JUC,LT,NO PULP","94.19","21","0.21","0","0.19","5.42","0","4.17","0","0","10","4","188","4","0.02","0.018","","0","30","0.063","0.028","0.333","","0.05","10","0","10","10","0","0","208","10","0","2","79","60","0","47","1.25","0","0","0","0","0","0","0","240","8 fl oz","","","0"
"14080","BEVERAGES,RICH CHOC,PDR","1.28","372","0","0","5.76","92.96","0","81.82","909","16.36","218","0","0","636","13.64","1.818","","0","54.5","1.364","0","18.182","0","1.818","0","0","0","0","0","0","4545","1365","1365","0","0","0","0","0","12.27","9.1","364","0","0","0","0","0","11","2 tbsp","","","0"
"14091","BEVERAGES,ALMOND MILK,UNSWTND,SHELF STABLE","97.05","15","0.59","1.1","0.68","0.58","0","0","197","0.35","7","10","67","71","0.07","0.029","0.042","0.2","0","0.06","0.047","0.075","0.03","0.015","1","0","1","1","0","0","142","43","43","0","0","0","0","0","2.81","1","42","0","0","0.708","0.236","0","262","1 cup","","","0"
"14142","BEVERAGES,CARB,GRAPE SODA","88.8","43","0","0","0.1","11.2","0","","3","0.08","1","0","1","15","0.07","0.022","0.013","0","0","0","0","0","0","0","0","0","0","0","","0","0","0","0","","","","","","","","","","0","0","0","0","31","1 fl oz","372","1 can,  or bottle (12 fl oz)","0"
"14144","BEVERAGES,CARB,LEMON-LIME SODA,NO CAFFEINE","89.49","41","0.09","0","0","10.42","0","10.38","2","0.02","1","0","1","10","0.01","0","0","0","0","0","0","0.015","0","0","0","0","0","0","0.4","0","0","0","0","0","0","0","0","0","0","0","0","0","0","0","0","0","30.8","1 fl oz","","","0"
"14161","BEVERAGES,KIWI STRAWBERRY JUC DRK","87.74","47","0","0","0","12.26","0","11.63","0","0.15","0","0","14","11","0","0","","0","24.7","0","0","0","","0","0","0","0","0","0","0","20","1","0","4","9","1","0","25","0","0","0","0","0","0","0","0","473","16 fl oz","","","0"
"14162","BEVERAGES,APPL JUC DRK,LT,FORT W/ VIT C","94.84","22","0","0.1","0.16","5.1","0","4.8","3","0.2","5","9","51","13","0.04","0.01","","0.1","24","0.004","0.015","0.067","","0.018","0","0","0","0","1.8","0","0","0","0","0","0","0","0","16","0.01","0","0","0","0","0","0","0","240","8 fl oz","","","0"
"14179","BEVERAGES,COFFEE,READY TO DRK,MILK BSD,SWTND","83.56","71","1.98","1.38","0.47","12.6","0","10.67","74","0.04","9","59","175","26","0.26","0.002","0.012","0","0","0.043","0.193","1.32","0.33","0","0","0","0","0","0","0.51","0","0","0","0","0","0","0","0","0.01","0","1","0.1","0","0.293","0.038","5","262","1 cup","","","0"
"14180","BEVERAGES,COFFEE,BREWED,BRKFST BLEND","99.47","2","0.3","0","0","0.23","0","0","2","0.02","4","3","50","1","0.02","0.005","0.032","0","0","0.02","0","0.8","0","0","0","0","0","0","0","0","0","0","0","0","0","0","0","0","0","0","0","0","0","0","0","0","248","1 cup","","","0"
"14183","BEVERAGES,COFFEE,READY TO DRK,ICED,MOCHA,MILK BSD","85.68","60","1.48","0.98","0.44","11.42","0","9.23","52","0.09","9","59","136","31","0.15","0.002","0.029","0","0","0.053","0.16","0.513","0.285","0","0","0","0","0","0","0","0","0","0","0","0","0","0","0","0","0","0","0.1","0","0","0","0","265","1 cup","","","0"
"14206","BEVERAGES,TEA,GRN,RTD,SWTND","93.54","27","0","0.22","0.03","6.2","0","5.32","1","0","0","31","12","21","0.01","0.005","0.073","0","0","0","0","0","","0","0","0","0","0","0","0","0","0","0","0","0","0","0","0","0","0","0","0","0","0","0","0","270","1 cup","","","0"
"14207","BEVERAGES,TEA,RTD,LEMON,DIET","99.55","2","0","0","0.04","0.41","0","0","0","0","0","0","37","1","0.01","0.005","0.085","0","0","0","0","0","","0","0","0","0","0","0","0","0","0","0","0","0","0","0","0","0","0","0","0","0","0","0","0","266","1 cup","473","16 fl oz","0"
"14224","BEVERAGES,COFFEE,INST,MOCHA,SWTND","1.7","460","5.29","15.87","3.1","74.04","1.9","58.2","271","0","68","251","1033","317","0.96","0.435","0.445","6.2","0.6","0.031","0.028","2.263","0.052","0.055","9","0","9","9","31.3","0.45","5","1","0","0","2","0","0","4","0","0","0","1.5","4.934","8.934","1.053","0","13","1 serving, 2 tbsp","","","0"
"14279","BEVERAGES,TEA,BLACK,RTD,PEACH,DIET","99.68","1","0","0","0.07","0.25","0","0","1","0","1","1","12","5","0","0.005","0.161","0","5.2","0","0","0","","0","0","0","0","0","0","0","0","0","0","0","0","0","0","0","0","0","0","0","0","0","0","0","268","1 cup","","","0"
"14282","BEVERAGES,GRAPE JUC DRK,CND","85.3","57","0","0","0.12","14.55","0.1","14.11","7","0.13","6","6","33","9","0.03","0.022","0.2","0.1","26.5","0.225","0.354","0.142","0.023","0.035","1","0","1","1","0.3","0","4","0","0","0","3","0","0","19","0","0","0","0.2","0","0","0","0","31.3","1 fl oz","188","6 fl oz","0"
"14284","BEVERAGES,CRANBERRY JUC COCKTAIL","87.39","52","0","0.34","0.03","12.25","","11.41","3","0.04","1","1","19","2","0.02","0.015","0.06","","33.5","0","0","0.025","0.048","0","","","","","","","","","","","","","","","","","","","","","","","271","1 cup","","","0"
"14323","BEVERAGES,ORANGE DRK,CND,W/ ADDED VIT C","87.47","49","0","0.07","0.11","12.34","0","11.03","5","0.04","2","1","18","3","0.02","0","0.011","0","57.3","0","0","0.011","0.018","0","2","0","2","2","0.5","0","8","0","0","0","1","7","0","9","0.02","0","0","0","0.002","0.002","0.003","0","31","1 fl oz","248","1 cup,  (8 fl oz)","0"
"14334","BEVERAGES,PNAPPL & GRAPEFRUIT JUC DRK,CND","87.9","47","0.2","0.1","0.2","11.6","0.1","11.52","7","0.31","6","6","61","14","0.06","0.045","0.413","0.1","46","0.03","0.016","0.267","0.053","0.042","9","0","9","9","0.5","0","2","0","0","0","1","0","0","1","0.01","0","0","0.1","0.006","0.01","0.028","0","31.3","1 fl oz","250","1 cup,  (8 fl oz)","0"
"14347","SHAKE,FAST FOOD,VANILLA","69.65","148","3.37","6.52","0.86","19.59","0.9","13.63","115","0.46","13","98","166","81","0.57","0.103","0.035","3.2","0","0.026","0.66","0.213","0.562","0.06","0","0","0","0","27.3","0.22","304","91","91","0","0","0","0","0","0.25","0","0","0.4","3.962","1.785","0.316","23","20.8","1 fl oz","166","1 cup,  (8 fl oz)","0"
"16006","BEANS,BKD,CND,PLN OR VEGETARIAN","72","94","4.75","0.37","1.75","21.14","4.1","7.96","34","1.19","27","74","224","343","2.28","0.145","0.109","5","0","0.096","0.039","0.428","0.216","0.084","12","0","12","12","31.5","0","108","5","0","0","65","0","511","16","0.15","0","0","0.8","0.071","0.095","0.121","0","254","1 cup","","","0"
"16057","CHICKPEAS ,MATURE SEEDS,CKD,BLD,WO/SALT","60.21","164","8.86","2.59","0.92","27.42","7.6","4.8","49","2.89","48","168","291","7","1.53","0.352","1.03","3.7","1.3","0.116","0.063","0.526","0.286","0.139","172","0","172","172","42.8","0","27","1","0","0","16","0","0","0","0.35","0","0","4","0.269","0.583","1.156","0","164","1 cup","","","0"
"16109","SOYBEANS,MATURE CKD,BLD,WO/SALT","62.55","172","18.21","8.97","1.91","8.36","6","3","102","5.14","86","245","515","1","1.15","0.407","0.824","7.3","1.7","0.155","0.285","0.399","0.179","0.234","54","0","54","54","47.5","0","9","0","0","0","5","0","0","0","0.35","0","0","19.2","1.297","1.981","5.064","0","172","1 cup","10.7","1 tbsp","0"
"16110","SOYBEANS,MATURE SEEDS,RSTD,SALTED","1.95","469","38.55","25.4","3.88","30.22","17.7","4.2","138","3.9","145","363","1470","163","3.14","0.828","2.158","19.1","2.2","0.1","0.145","1.41","0.453","0.208","211","0","211","211","124.3","0","200","10","0","0","120","0","0","0","0.91","0","0","50.4","3.674","5.61","14.339","0","172","1 cup","","","0"
"16253","SILK STRAWBERRY SOY YOGURT","77","94","2.35","1.18","1.24","18.24","0.6","12.94","176","0.64","","","","15","","","","","17.6","","","","","","","","","","","","0","","","","","","","","","","","","0","","","0","170","1 container","","","0"
"16254","SILK RASPBERRY SOY YOGURT","77.59","88","2.35","1.18","1.24","17.65","0.6","12.94","176","0.64","","","","15","","","","","17.6","","","","","","","","","","","","0","","","","","","","","","","","","0","","","0","170","1 container","","","0"
"16255","SILK PEACH SOY YOGURT","76.41","94","2.35","1.18","1.24","18.82","0.6","14.71","176","0.64","","","","15","","","","","17.6","","","","","","","","","","","","0","","","","","","","","","","","","0","","","0","170","1 container","","","0"
"18005","BAGELS,CINNAMON-RAISIN","32","274","9.8","1.7","1.3","55.2","2.3","5.98","19","3.8","28","100","148","344","1.13","0.163","0.876","31","0.7","0.384","0.277","3.08","0.509","0.062","111","90","21","174","14.6","0","73","21","21","0","1","2","0","54","0.31","0","0","0.7","0.274","0.175","0.671","0","26","1 mini bagel,  (2-1/2"" dia)","69","1 small bagel,  (3"" dia)","0"
"18064","BREAD,WHEAT","35.25","274","10.67","4.53","2.01","47.54","4","5.73","125","3.6","41","129","141","473","1.04","0.148","1.026","28.8","0.2","0.411","0.252","5.59","0.82","0.111","85","20","65","99","18.7","0","2","0","0","0","1","0","0","44","0.19","0","0","4.9","0.697","0.612","1.615","0","29","1 slice","","","0"
"18097","CAKE,PUDDING-TYPE,CHOC,DRY MIX","3.9","391","4.6","8.14","3.2","80.16","2.3","39.53","133","2.92","41","286","337","767","0.78","0.272","0.213","3.3","0.1","0.21","0.17","2.417","0.211","0.031","54","44","10","85","3.3","0.5","2","1","1","0","0","0","0","4","0.65","0","0","2.2","2.022","2.803","2.269","0","28.35","1 oz","517","1 package,  (18.25 oz)","0"
"18110","CAKE,FRUITCAKE,COMMLY PREP","25.3","324","2.9","9.1","1","61.6","3.7","27.42","33","2.07","16","52","153","101","0.27","0.05","0.22","2","0.5","0.05","0.099","0.791","0.226","0.046","20","17","3","32","8.9","0.01","22","7","7","1","3","1","0","21","0.9","0","0","1.5","1.048","4.2","3.323","5","28.35","1 oz","43","1 piece","0"
"18170","COOKIES,FIG BARS","16.5","348","3.7","7.3","1.6","70.9","4.6","46.36","64","2.9","27","62","207","350","0.39","0.147","0.343","3.3","0.3","0.158","0.217","1.874","0.364","0.075","35","25","10","53","14.6","0.09","33","9","9","0","1","0","0","8","0.65","0","0","5.8","1.123","3.003","2.772","0","28.35","1 oz","43","1 Figaroo,  (2 square halves)","0"
"18178","COOKIES,OATMEAL,COMMLY PREP,REG","5.7","450","6.2","18.1","1.4","68.7","2.8","24.66","37","2.58","33","138","142","383","0.79","0.134","0.839","9.8","0.5","0.267","0.23","2.227","0.386","0.066","59","52","7","95","12","0","18","5","5","0","0","0","0","31","0.26","0","0","8","4.519","10.025","2.543","0","28.35","1 oz","25","1 cookie,  big (3-1/2"" - 4"" dia) (include Archway brand, Grandma brand)","0"
"18185","COOKIES,PNUT BUTTER,COMMLY PREP,REG","7.28","473","8.92","23.82","1.83","58.15","2.1","28.58","41","2.11","44","156","202","463","0.86","0.153","0.643","6.3","0","0.208","0.208","3.86","0.429","0.122","57","30","27","78","10","0.04","32","9","9","0","1","0","0","14","3.53","0","0","4.4","6.751","10.8","3.61","27","28.35","1 oz","31","1 cookie","0"
"18204","COOKIES,SUGAR,COMMLY PREP,REG (INCL VANILLA)","6.29","464","5.35","19.55","1.47","67.34","1.3","27.31","35","2.24","13","99","87","385","0.43","0.079","0.307","8.2","0.1","0.232","0.236","2.942","0.28","0.068","72","34","38","95","10.8","0.19","27","7","7","0","1","1","0","38","3.07","0","0","8.6","7.666","6.971","3.746","12","28.35","1 oz","17","1 cookie","0"
"18210","COOKIES,VANILLA SNDWCH W/CREME FILLING","2.2","483","4.5","20","1.2","72.1","1.5","39.3","27","2.21","14","75","91","349","0.4","0.114","0.292","3","0","0.261","0.243","2.69","0.394","0.018","50","46","4","82","4.1","0","0","0","0","0","0","0","0","1","1.6","0","0","5","2.979","8.437","7.551","0","28.35","1 oz","15","1 cookie, oval (3-1/8"" x 1-1/4"" x 3/8"")","0"
"18262","ENGLISH MUFFINS,RAISIN-CINNAMON (INCLUDES APPLE-CINNAMON)","40.6","240","7.91","1.8","1.58","48.1","2.6","14.76","114","4.5","23","91","173","299","0.97","0.16","0.575","21.6","1.3","0.412","0.215","3.67","0.209","0.066","74","54","20","112","16","0","0","0","0","0","0","0","0","25","0.31","0","0","2.5","0.54","0.846","0.339","0","28.35","1 oz","57","1 muffin","0"
"18275","MUFFINS,BLUEBERRY,DRY MIX","30.18","293","3.48","3.25","2.09","61","1.4","32.73","18","1.62","13","220","48","479","0.33","0.088","0.276","3.1","2.3","0.232","0.232","1.857","0.553","0.082","53","","","","","0","18","1","0","","","","","","","","","","1.161","0.696","1.307","0","43","1 serving","356","1 package,  mix + drained berries","0"
"18289","PANCAKES,PLN,DRY MIX,COMPLETE (INCL BTTRMLK)","9.05","368","9.77","3.1","4.44","73.65","2.9","16.03","344","3.6","28","600","191","1082","0.72","0.126","0.685","21.6","","0.45","0.267","4.368","0.63","0.171","","","","","18.2","0.32","","","","","","","","","","","","","0.822","1.271","0.928","2","52",".333 cup","28.35","1 oz","0"
"18303","PIE,BANANA CRM,PREP FROM MIX,NO-BAKE TYPE","50.9","251","3.4","12.9","1.1","31.6","0.6","","73","0.46","12","167","113","290","0.33","0.043","0.107","4.9","0.5","0.102","0.146","0.709","0.259","0.035","21","14","7","31","","0.21","408","95","90","","","","","","","","","","6.904","4.559","0.764","29","28.35","1 oz","92","1 piece,  (1/8 of 9"" dia)","0"
"18304","PIE,BANANA CRM,PREP FROM RECIPE","47.9","269","4.4","13.6","1.2","32.9","0.7","12.06","75","1.04","16","92","165","240","0.48","0.052","0.152","9.1","1.6","0.139","0.207","1.054","0.388","0.133","27","16","11","38","28.7","0.25","237","61","59","5","21","1","0","46","0.4","0.8","32","6.3","3.758","5.719","3.292","51","28.35","1 oz","1186","1 pie,  (9"" dia)","0"
"18305","PIE,BLUEBERRY,COMMLY PREP","52.5","232","1.8","10","0.8","34.9","1","9.89","8","0.3","5","23","50","287","0.16","0.046","0.176","1.4","2.7","0.01","0.03","0.3","0.136","0.037","27","23","4","43","7.2","0.01","140","44","41","0","39","0","0","15","1.04","0","0","10.5","1.679","4.244","3.524","0","28.35","1 oz","125","1 piece,  (1/8 of 9"" dia)","0"
"18323","PIE,PEACH","54.4","224","1.9","10","0.8","32.9","0.8","16.23","8","0.5","6","22","125","217","0.09","0.053","0.152","1.3","0.9","0.061","0.033","0.2","0.114","0.023","29","25","4","46","7.2","0","140","10","4","0","64","25","0","15","0.94","0","0","3.3","1.508","4.241","3.749","0","28.35","1 oz","117","1 piece,  (1/6 of 8"" pie)","0"
"19034","POPCORN,AIR-POPPED","3.32","387","12.94","4.54","1.42","77.78","14.5","0.87","7","3.19","144","358","329","8","3.08","0.262","1.113","0","0","0.104","0.083","2.308","0.51","0.157","31","0","31","31","21.2","0","196","10","0","58","89","0","0","1450","0.29","0","0","1.2","0.637","0.95","2.318","0","8","1 cup","28.35","1 oz","0"
"19038","POPCORN,CARAMEL-COATED,W/PNUTS","3.3","400","6.4","7.8","1.8","80.7","3.8","45.36","66","3.91","80","127","355","177","1.24","0.297","0.764","3.9","0","0.051","0.126","1.99","0.23","0.185","16","0","16","16","17.3","0","78","4","0","23","35","0","0","580","0.85","0","0","3.9","1.04","2.73","3.27","0","28.35","1 oz,  (approx 2/3 cup)","57","2 oz","0"
"19042","POTATO CHIPS,BARBECUE-FLAVOR","2.48","487","6.51","31.06","4.03","55.92","3.8","5.47","32","1.36","58","145","1186","545","0.98","0.247","0.385","0.4","62.4","0.221","0.119","4.957","0.85","0.375","64","0","64","64","11.5","0","393","20","0","5","203","60","130","151","4.42","0","0","16.1","4.002","13.221","12.207","0","28.35","1 oz","198","1 bag,  (7 oz)","0"
"19043","POTATO CHIPS,SOUR-CREAM-AND-ONION-FLAVOR","1.8","531","8.1","33.9","4.7","51.5","5.2","","72","1.6","74","176","1331","549","0.98","0.299","0.405","8.1","37.3","0.189","0.2","4.029","0.827","0.665","62","0","62","62","","1","170","14","6","","90","","","","","","","","8.89","6.12","17.42","7","28.35","1 oz","198","1 bag,  (7 oz)","0"
"19052","RICE CAKES,BROWN RICE,BUCKWHEAT","5.9","380","9","3.5","1.6","80.1","3.8","","11","1.14","151","380","299","116","2.5","0.38","6.18","16.4","0","0.056","0.103","8.096","1.16","0.13","21","0","21","21","","0","0","0","0","","","","","","","","","","0.64","1.11","1.11","0","9","1 cake","18","2 cakes","0"
"19056","TORTILLA CHIPS,PLAIN","2.64","472","7.1","20.68","1.79","67.78","5.4","0.78","106","1.52","84","225","182","328","1.38","0.097","0.388","4.4","0","0.14","0.07","0.838","0.297","0.179","12","0","12","12","19.4","0.36","4","0","0","0","2","2","0","5","3.53","0","0","20.9","2.811","5.664","10.769","0","28.35","1 oz","213","1 bag","0"
"19135","CANDIES,MARS SNACKFOOD US,MILKY WAY BAR","6.3","456","4.01","17.23","1.3","71.17","1","59.69","115","0.49","20","67","124","167","0.69","0.147","0.147","2","0.7","0.046","0.103","0.154","0.155","0.014","4","0","4","4","16.5","0.18","110","31","31","0","4","0","0","1","0.89","0.4","16","3.6","12.016","2.23","0.26","9","58","1 serving, 2.05 oz bar","17","1 bar, fun size","0"
"19193","Puddings, rice, ready-to-eat","75.15","108","3.23","2.15","0.78","18.39","0.3","11.59","95","0.11","8","82","125","97","0.43","0.023","0.077","3.2","1.3","0.027","0.183","0.217","0.54","0.052","4","0","4","4","7.8","0.15","69","19","19","0","4","0","0","9","0.07","0","0","0.2","1.208","0.556","0.129","12","113","1 serving, 4 oz pudding cup","28.35","1 oz","0"
"19271","ICE CREAMS,STRAWBERRY","60","192","3.2","8.4","0.7","27.6","0.9","","120","0.21","14","100","188","60","0.34","0.037","0.078","1.9","7.7","0.045","0.255","0.17","0.72","0.05","12","0","12","12","","0.3","320","96","96","","","","","","","","","","5.19","","","29","58","1 individual,  (3.5 fl oz)","66",".5 cup,  (4 fl oz)","0"
"19296","HONEY","17.1","304","0.3","0","0.2","82.4","0.2","82.12","6","0.42","2","4","52","4","0.22","0.036","0.08","0.8","0.5","0","0.038","0.121","0.068","0.024","2","0","2","2","2.2","0","0","0","0","0","0","0","0","0","0","0","0","0","0","0","0","0","339","1 cup","21","1 tbsp","0"
"19303","MARMALADE,ORANGE","33.2","246","0.3","0","0.2","66.3","0.7","60","38","0.15","2","4","37","56","0.04","0.09","0.02","0.6","4.8","0.005","0.025","0.052","0.015","0.019","9","0","9","9","3","0","62","3","0","5","15","38","0","58","0.06","0","0","0","0","0","0","0","20","1 tbsp","14","1 package,  (0.5 oz)","0"
"19334","SUGARS,BROWN","1.34","380","0.12","0","0.45","98.09","0","97.02","83","0.71","9","4","133","28","0.03","0.047","0.064","1.2","0","0","0","0.11","0.132","0.041","1","0","1","1","2.3","0","0","0","0","0","0","0","0","0","0","0","0","0","0","0","0","0","3","1 tsp,  unpacked","220","1 cup,  packed","0"
"19336","SUGARS,POWDERED","0.23","389","0","0","0.01","99.77","0","97.81","1","0.06","0","0","2","2","0.01","0.007","0.004","0.6","0","0","0.019","0","0","0","0","0","0","0","0","0","0","0","0","0","0","0","0","0","0","0","0","0","0","0","0","0","120","1 cup, unsifted","100","1 cup, sifted","0"
"19365","TOPPINGS,MARSHMLLW CRM","19.8","322","0.8","0.3","0.1","79","0.1","46.8","3","0.22","2","8","5","80","0.04","0.095","0.008","1.9","0","0.001","0.001","0.076","0.005","0.002","1","0","1","1","0.1","0","1","0","0","0","0","0","0","0","0","0","0","0","0.056","0.08","0.047","0","28.35","1 oz","198","1 jar","0"
"19366","TOPPINGS,PINEAPPLE","33","253","0.1","0.1","0.4","66.4","0.4","21.01","6","0.12","6","3","43","42","0.05","0.052","0.07","0.7","3.1","0.038","0.018","0.101","0.012","0.028","2","0","2","2","1.6","0","17","1","0","0","10","0","0","0","0.01","0","0","0.2","0.018","0.032","0.05","0","340","1 cup","42","2 tbsp","0"
"19411","POTATO CHIPS,PLAIN,SALTED","1.86","532","6.39","33.98","3.94","53.83","3.1","0.33","21","1.28","63","153","1196","527","1.09","0.234","0.43","2.5","21.6","0.213","0.088","4.762","0.956","0.531","29","0","29","29","12.1","0","0","0","0","0","0","0","0","0","10.45","0","0","22.1","3.4","18.963","8.282","0","28","1 oz","28","22 chips","0"
"20110","NOODLES,EGG,ENR,CKD","67.73","138","4.54","2.07","0.5","25.16","1.2","0.4","12","1.47","21","76","38","5","0.65","0.098","0.315","23.9","0","0.289","0.136","2.077","0.263","0.046","84","77","7","138","25.7","0.09","21","6","6","0","1","0","0","38","0.17","0.1","4","0","0.419","0.581","0.552","29","160","1 cup","","","0"
"20121","PASTA,CKD,ENR,WO/ ADDED SALT","62.13","158","5.8","0.93","0.27","30.86","1.8","0.56","7","1.28","18","58","44","1","0.51","0.1","0.322","26.4","0","0.274","0.136","1.689","0.112","0.049","73","66","7","119","6.4","0","0","0","0","0","0","0","0","7","0.06","0","0","0","0.176","0.131","0.326","0","124","1 cup, spaghetti not packed","151","1 cup, spaghetti packed","0"
"20127","SPAGHETTI,SPINACH,COOKED","68.14","130","4.58","0.63","0.5","26.15","","","30","1.04","62","108","58","14","1.08","0.205","1.504","22.1","0","0.097","0.103","1.53","0.183","0.096","12","0","12","12","","0","152","8","0","","","","","","","0","0","","0.091","0.072","0.257","0","140","1 cup","","","0"
"20447","RICE,WHITE,LONG-GRAIN,PARBLD,UNENR,CKD","70.36","123","2.91","0.37","0.3","26.05","0.9","0.11","19","0.24","9","55","56","2","0.37","0.07","0.354","9.3","0","0.074","0.019","2.309","0.323","0.156","3","0","3","3","","0","","","","","","","","","0.01","0","0","0","0.074","0.074","0.091","0","158","1 cup","","","0"
"21011","FAST FOODS,CROISSANT,W/EGG&CHS","45.47","304","10.07","19.45","2.56","22.45","","","192","1.73","17","274","137","434","1.38","0.072","0.178","19.3","0.1","0.15","0.3","1.19","0.83","0.08","37","8","29","43","92.2","0.61","788","","","","","","","","","","","","11.075","5.938","1.076","170","127","1 croissant","","","0"
"21060","FAST FOODS,BURRITO,W/BNS","52.53","206","6.48","6.22","1.85","32.92","","","52","2.08","40","45","301","454","0.7","0.174","0.4","10.1","0.9","0.29","0.28","1.87","0.92","0.14","40","","","","26.8","0.5","153","","","","","","","","","","","","3.174","2.184","0.551","2","217","2 pieces","","","0"
"21275","PIZZA HUT 12"" PEPPERONI PIZZA,PAN CRUST","40.8","298","11.97","14.21","2.53","30.49","1.8","3.2","146","2.14","22","205","199","692","1.54","0.105","0.361","20.6","0","0.287","0.254","3.84","0.378","0.14","","","","","","0.64","171","47","46","","","","","","0.78","","","19.3","5.271","4.415","3.465","25","96","1 slice","778","1 pizza","0"
"21277","DOMINO'S 14"" CHS PIZZA,CLASSIC HAND-TOSSED CRUST","44.87","257","10.8","8.97","2.13","33.24","2.2","4.02","167","2.34","24","204","161","523","1.24","0.107","0.324","23","0.9","0.32","0.17","3.35","0.45","0.08","","","","","","0.46","301","61","55","","","","","","0.99","0","0","5.4","4.11","2.165","1.833","17","108","1 slice","865","1 pizza","0"
"21283","PAPA JOHN'S 14"" CHS PIZZA,ORIGINAL CRUST","44.16","260","11.53","9.25","2.32","32.74","1.9","5.32","166","1.97","24","203","138","578","1.24","0.125","0.338","27.6","0","0.453","1.225","3.064","0.18","0.122","77","45","33","109","","0.68","295","60","54","0","69","0","1520","47","1.14","0","0","7.5","3.871","2.476","1.97","19","117","1 slice","938","1 pie","0"
"21284","PAPA JOHN'S 14"" PEPPERONI PIZZA,ORIGINAL CRUST","43.6","275","11.97","11.86","2.53","30.04","1.2","4.84","152","1.98","23","196","150","671","1.34","0.128","0.348","29.3","0","0.431","0.486","3.225","0.266","0.162","72","43","29","102","","0.79","294","58","52","","","","","","1.1","0","0","6.1","4.908","3.912","2.206","26","123","1 slice","1021","1 pie","0"
"43146","EGGPLANT,PICKLED","86.9","49","0.9","0.7","1.73","9.77","2.5","4.8","25","0.77","6","9","12","1674","0.23","0.173","","0.6","0","0.05","0.07","0.66","","0.14","20","0","20","20","11.9","0","50","3","0","0","30","0","0","0","0.03","0","0","3.7","0.14","0.063","0.294","0","136","1 cup","","","0"
"43379","CHEESE,PAST PROCESS,SWISS,LOFAT","59.1","165","25.5","5.1","6","4.3","0","1.35","684","0.43","24","827","180","1430","3.32","0.033","","17.4","0","0.03","0.39","0.08","","0.08","9","0","9","9","36.2","0.77","152","40","39","0","13","0","0","0","0.07","0.1","4","0.5","3.303","1.351","0.18","35","140","1 cup, diced","113","1 cup, shredded","0"
"43344","JAMS,PRESERVES,MARMALADE,RED SUGAR","62","151","0","0.1","0.3","37.6","1.5","29.41","0","0","4","7","59","0","0.05","0.038","0.288","0.4","15","0.01","0.02","0.08","0.092","0.02","18","0","18","18","4.2","0","9","0","0","0","5","0","0","20","0.21","0","0","1.6","0.005","0.014","0.05","0","","","","","0"
"43276","CHEESE SPRD,CRM CHS BASE","58.5","295","7.1","28.6","2.3","3.5","0","3.5","71","1.13","6","91","112","436","0.51","0.015","","2.7","0","0.02","0.19","0.95","","0.04","12","0","12","12","27.2","0.4","1031","302","300","0","19","0","0","0","0.77","0.5","21","2.4","18.02","8.071","1.033","90","28.35","1 oz","240","1 cup","0"
